排名,姓名,姓名（英文）,财富（亿美元）,财富来源,国家和地区
1,杰夫·贝索斯,Jeff Bezos,"1,130",亚马逊,美国
2,比尔·盖茨,Bill Gates,980,微软,美国
3,伯纳德·阿尔诺及家族,Bernard Arnault & family,760,LVMH,法国
4,沃伦·巴菲特,Warren Buffett,675,伯克希尔哈撒韦,美国
5,拉里·埃里森,Larry Ellison,590,软件,美国
6,阿曼西奥·奥特加,Amancio Ortega,551,Zara,西班牙
7,马克·扎克伯格,Mark Zuckerberg,547,Facebook,美国
8,吉姆·沃尔顿,Jim Walton,546,沃尔玛,美国
9,艾丽斯·沃尔顿,Alice Walton,544,沃尔玛,美国
10,罗伯·沃尔顿,Rob Walton,541,沃尔玛,美国
11,史蒂夫·鲍尔默,Steve Ballmer,527,微软,美国
12,卡洛斯·斯利姆·埃卢及家族,Carlos Slim Helu & family,521,电信,墨西哥
13,拉里·佩奇,Larry Page,509,谷歌,美国
14,谢尔盖·布林,Sergey Brin,491,谷歌,美国
15,弗朗索瓦丝·贝当古·迈耶斯及家族,Francoise Bettencourt Meyers & family,489,欧莱雅,法国
16,迈克尔·布隆伯格,Michael Bloomberg,480,彭博公司,美国
17,马云,Jack Ma,388,电商,中国内地
18,查尔斯·科赫,Charles Koch,382,科氏工业,美国
18,茱莉亚·科赫及家族,Julia Koch & family,382,科氏工业,美国
20,马化腾,Ma Huateng,381,互联网媒体,中国内地
21,穆克什·安巴尼,Mukesh Ambani,368,"石化, 油气",印度
22,麦肯齐·贝索斯,MacKenzie Bezos,360,亚马逊,美国
23,贝亚特·海斯特和小卡尔·阿尔布雷希特,Beate Heister & Karl Albrecht Jr.,333,超市,德国
24,大卫·汤姆森及家族,David Thomson & family,316,媒体,加拿大
25,菲尔·耐特及家族,Phil Knight & family,295,耐克,美国
26,李兆基,Lee Shau Kee,281,房地产,中国香港
27,弗朗索瓦·皮诺特及家族,Fran?ois Pinault & family,270,奢侈品,法国
28,谢尔登·阿德尔森,Sheldon Adelson,268,博彩,美国
29,杰奎琳·马尔斯,Jacqueline Mars,247,"糖果, 宠物食品",美国
29,约翰·马尔斯,John Mars,247,"糖果, 宠物食品",美国
31,埃隆·马斯克,Elon Musk,246,"特斯拉, SpaceX",美国
32,乔瓦尼·费列罗,Giovanni Ferrero,245,"Nutella, 巧克力",意大利
33,迈克尔·戴尔,Michael Dell,229,戴尔计算机,美国
34,许家印,Hui Ka Yan,218,房地产,中国内地
35,李嘉诚,Li Ka-shing,217,多元化经营,中国香港
36,何享健,He Xiangjian,216,家用电器,中国内地
36,吉姆·西蒙斯,Jim Simons,216,对冲基金,美国
38,杨惠妍及家族,Yang Huiyan & family,203,房地产,中国内地
39,约瑟夫·萨夫拉,Joseph Safra,199,银行业,巴西
40,迪特尔·施瓦茨,Dieter Schwarz,198,零售,德国
41,弗拉基米尔·波塔宁,Vladimir Potanin,197,金属,俄罗斯
41,柳井正及家族,Tadashi Yanai & family,197,时尚零售,日本
43,秦英林,Qin Yinglin & family,185,饲养生猪,中国内地
44,卢卡斯·沃尔顿,Lukas Walton,184,沃尔玛,美国
45,弗拉基米尔·利辛,Vladimir Lisin,181,"钢铁, 交通运输",俄罗斯
46,雷伊·达里奥,Ray Dalio,180,对冲基金,美国
47,滝崎武光,Takemitsu Takizaki,174,传感器,日本
48,列昂尼德·米赫尔松,Leonid Mikhelson,171,"天然气, 化工",俄罗斯
48,阿兰·韦特海默,Alain Wertheimer,171,香奈儿,法国
48,杰拉德·韦特海默,Gerard Wertheimer,171,香奈儿,法国
51,小西奥·阿尔布雷希特及家族,Theo Albrecht Jr & family,170,"Aldi, Trader Joe's",德国
51,莱恩·布拉瓦特尼克,Len Blavatnik,170,多元化经营,美国
51,丁磊,William Lei Ding,170,网络游戏,中国内地
54,苏珊娜·克拉腾,Susanne Klatten,168,"BMW, 医药",德国
54,阿列克谢·莫尔达索夫及家族,Alexey Mordashov & family,168,"钢铁, 投资",俄罗斯
56,孙正义,Masayoshi Son,166,"互联网, 电信",日本
57,黄峥,Colin Zheng Huang,165,电商,中国内地
57,迪特里希·梅特舒兹,Dietrich Mateschitz,165,红牛,奥地利
59,刘銮雄,Joseph Lau,164,房地产,中国香港
59,劳伦娜·鲍威尔·乔布斯及家族,Laurene Powell Jobs & family,164,苹果、迪士尼,美国
61,张一鸣,Zhang Yiming,162,软件,中国内地
62,莱昂纳多·戴尔·维吉奥及家族,Leonardo Del Vecchio & family,161,眼镜,意大利
63,唐纳德·布伦,Donald Bren,155,房地产,美国
64,史蒂芬·施瓦茨曼,Stephen Schwarzman,154,投资,美国
65,瓦吉特·阿列克佩罗夫,Vagit Alekperov,152,石油,俄罗斯
65,李文达,Lee Man Tat,152,食品,中国香港
65,王卫,Wang Wei,152,快递,中国内地
68,皮特·凯尔纳,Petr Kellner,149,"金融, 电信",捷克共和国
68,鲁珀特·默多克及家族,Rupert Murdoch & family,149,"报纸, 电视网",美国
70,伦纳德·劳德,Leonard Lauder,146,雅诗兰黛,美国
70,钟慧娟,Zhong Huijuan,146,医药,中国内地
72,格纳迪·季姆琴科,Gennady Timchenko,144,油气,俄罗斯
73,托马斯·彼得菲,Thomas Peterffy,143,折扣经纪,美国
74,克劳斯-迈克尔·库恩,Klaus-Michael Kuehne,142,航运,德国
75,李健熙,Lee Kun-hee,141,三星,韩国
76,王健林,Wang Jianlin,140,房地产,中国内地
77,史蒂夫·科恩,Steve Cohen,139,对冲基金,美国
78,拉达吉申·达马尼及家族,Radhakishan Damani & family,138,"零售, 投资",印度
78,卡尔·伊坎,Carl Icahn,138,投资,美国
80,黄惠忠,R. Budi Hartono,136,"银行业, 烟草",印尼
81,谢国民,Dhanin Chearavanont,135,多元化经营,泰国
81,斯蒂芬·佩尔森,Stefan Persson,135,H&M,瑞典
83,阿利舍尔·乌斯马诺夫,Alisher Usmanov,134,"钢铁, 电信",俄罗斯
84,埃里克·施密特,Eric Schmidt,132,谷歌,美国
85,吉娜·莱因哈特,Gina Rinehart,131,矿业,澳大利亚
86,迪特马尔·霍普及家族,Dietmar Hopp & family,130,软件,德国
86,张志东,Zhang Zhidong,130,互联网媒体,中国内地
86,米哈伊尔·弗里德曼,Mikhail Fridman,130,"石油, 银行业",俄罗斯
86,沃尔特·德勒格,Walter P.J. Droege,130,咨询,德国
86,黄惠祥,Michael Hartono,130,"银行业, 烟草",印尼
91,欣杜贾兄弟,Hinduja brothers,129,多元化经营,英国
91,海因茨·赫尔曼·蒂勒及家族,Heinz Hermann Thiele & family,129,减速装置,德国
93,夏琳·德卡瓦略-海内肯及家族,Charlene de Carvalho-Heineken & family,128,Heineken,荷兰
94,伊曼纽尔·贝尼耶,Emmanuel Besnier,127,奶酪,法国
95,安德烈·梅尔尼琴科,Andrey Melnichenko,125,"煤炭, 肥料",俄罗斯
96,李书福,Li Shufu,124,汽车,中国内地
96,哈索·普拉特纳及家族,Hasso Plattner & family,124,软件,德国
98,刘永好及家族,Liu Yonghao & family,123,农产业,中国内地
98,斯特芬·科万特,Stefan Quandt,123,BMW,德国
100,肯·格里芬,Ken Griffin,121,对冲基金,美国
101,大卫·泰珀,David Tepper,120,对冲基金,美国
101,吴亚军及家族,Wu Yajun & family,120,房地产,中国内地
103,邝肖卿,Kwong Siu-hing,119,房地产,中国香港
103,希夫·纳达尔,Shiv Nadar,119,软件服务,印度
105,孙飘扬,Sun Piaoyang,118,医药,中国内地
106,呂志和及家族,Lui Che Woo & family,117,博彩/酒店,中国香港
106,里卡多·萨利纳斯·普里戈及家族,Ricardo Salinas Pliego & family,117,"零售, 媒体",墨西哥
108,雷诺德·伍尔特及家族,Reinhold Wuerth & family,116,紧固件,德国
108,李西廷,Li Xiting,116,医疗器械,新加坡
110,小约翰·默纳德,John Menard Jr,115,家装店,美国
110,庞康,Pang Kang,115,酱油,中国内地
110,吴光正,Peter Woo,115,房地产,中国香港
113,罗曼·阿布拉莫维奇,Roman Abramovich,113,"钢铁, 投资",俄罗斯
113,乌多·茨奇拉和哈罗德·茨奇拉,Udo & Harald Tschira,113,软件,德国
115,米哈伊尔·普罗霍罗夫,Mikhail Prokhorov,112,投资,俄罗斯
115,徐航,Xu Hang,112,医疗器械,中国香港
117,帕朗吉·密斯特里,Pallonji Mistry,111,建筑施工,爱尔兰
118,菲利浦·安舒茨,Philip Anschutz,110,投资,美国
118,格尔曼·拉利阿·莫塔·维拉斯科及家族,German Larrea Mota Velasco & family,110,矿业,墨西哥
118,皮埃尔·奥米迪亚,Pierre Omidyar,110,"eBay, PayPal",美国
118,詹姆斯·拉特克利夫,James Ratcliffe,110,化工,英国
118,张勇,Zhang Yong,110,餐饮,新加坡
123,黄志祥与黄志达兄弟,Robert & Philip Ng,109,房地产,新加坡
124,伊里斯·冯特博纳及家族,Iris Fontbona & family,108,矿业,智利
124,阿比盖尔·约翰逊,Abigail Johnson,108,资金管理,美国
124,唐纳德·纽豪斯,Donald Newhouse,108,媒体,美国
127,格雷姆·哈特,Graeme Hart,105,投资,新西兰
127,维克多·维克塞尔伯格,Viktor Vekselberg,105,"金属, 能源",俄罗斯
129,豪尔赫·保罗·雷曼及家族,Jorge Paulo Lemann & family,104,啤酒,巴西
129,吴清亮,Goh Cheng Liang,104,漆料,新加坡
129,乌代·科塔克,Uday Kotak,104,银行业,印度
132,约恩·劳辛,Jorn Rausing,103,包装,瑞典
133,汉克·梅杰和道格·梅杰,Hank & Doug Meijer,102,超市,美国
133,斯德法诺·佩斯纳,Stefano Pessina,102,药妆店,意大利
135,苏莱曼·克里莫夫及家族,Suleiman Kerimov & family,100,投资,俄罗斯
135,斯坦利·克伦克,Stanley Kroenke,100,"体育, 房地产",美国
135,蔡崇信,Joseph Tsai,100,电商,加拿大
138,戈登·摩尔,Gordon Moore,98,英特尔,美国
139,扬·库姆,Jan Koum,97,WhatsApp,美国
139,曾毓群,Robin Zeng,97,电池,中国香港
141,约翰·弗雷德里克森,John Fredriksen,96,航运,塞浦路斯
141,安德里亚斯·斯特朗格曼及家族,Andreas Struengmann & family,96,医药,德国
141,托马斯·斯特朗格曼及家族,Thomas Struengmann & family,96,医药,德国
141,郭鹤年,Robert Kuok,96,"棕榈油, 航运",马来西亚
145,许荣茂,Hui Wing Mau,95,房地产,中国香港
146,达斯汀·莫斯科维茨,Dustin Moskovitz,93,Facebook,美国
147,雷军,Lei Jun,92,智能手机,中国内地
147,郭令灿,Quek Leng Chan,92,"银行业, 房地产",马来西亚
147,孙宏斌,Sun Hongbin,92,房地产,美国
150,芬恩·劳辛,Finn Rausing,91,包装,瑞典
150,柯尔斯顿·劳辛,Kirsten Rausing,91,包装,瑞典
150,苏旭明,Charoen Sirivadhanabhakdi,91,"酒精, 房地产",泰国
153,斯图尔特·雷斯尼克和琳达·雷斯尼克,Stewart and Lynda Resnick,90,"农业, 水务",美国
153,路易斯·卡洛斯·萨米恩托,Luis Carlos Sarmiento,90,银行业,哥伦比亚
155,高塔姆·阿达尼,Gautam Adani,89,"大宗商品, 港口",印度
155,克里斯蒂·沃尔顿,Christy Walton,89,沃尔玛,美国
157,苏尼尔·米塔尔及家族,Sunil Mittal & family,88,电信,印度
157,张邦鑫,Zhang Bangxin,88,教育,中国内地
159,安东尼·普拉特,Anthony Pratt,87,制造业,澳大利亚
160,格尔曼·汗,German Khan,85,"石油, 银行业",俄罗斯
161,爱德华多·萨维林,Eduardo Saverin,84,Facebook,巴西
162,阿里科·丹格特,Aliko Dangote,83,"水泥, 糖类",尼日利亚
162,乔治·索罗斯,George Soros,83,对冲基金,美国
162,宗庆后,Zong Qinghou,83,饮料,中国内地
165,刘强东,Richard Qiangdong Liu,82,电商,中国内地
165,弗莱德汉姆·洛,Friedhelm Loh,82,制造业,德国
165,鲁忠芳,Lu Zhongfang,82,教育,中国内地
165,赛鲁斯·普纳瓦拉,Cyrus Poonawalla,82,疫苗,印度
169,杰里·琼斯,Jerry Jones,80,达拉斯牛仔队,美国
169,迈克尔·普拉特,Michael Platt,80,对冲基金,英国
169,安德斯·霍尔希·波维森,Anders Holch Povlsen,80,时尚零售,丹麦
169,埃里克·威托克,Eric Wittouck,80,投资,比利时
169,许世辉,Xu Shihui,80,"零食, 饮料",中国内地
169,埃内斯托·贝尔塔雷利,Ernesto Bertarelli,80,"生物技术, 投资",瑞士
169,麦克·坎农-布鲁克斯,Mike Cannon-Brookes,80,软件,澳大利亚
169,卡尔·库克,Carl Cook,80,医疗器械,美国
169,斯科特·法夸尔,Scott Farquhar,80,软件,澳大利亚
169,龚虹嘉及家族,Gong Hongjia & family,80,视频监控,中国香港
179,安德鲁·比尔,Andrew Beal,79,"银行, 房地产",美国
179,安·沃尔顿·克伦克,Ann Walton Kroenke,79,沃尔玛,美国
179,王文银,Wang Wenyin,79,"矿业, 铜产品",中国内地
179,张帆,Zhang Fan,79,触摸屏,中国内地
183,舍希德·汗,Shahid Khan,78,汽车零件,美国
184,张近东,Zhang Jindong,77,家电零售,中国内地
185,库玛尔·博拉,Kumar Birla,76,大宗商品,印度
185,陈邦,Chen Bang,76,医院,中国内地
185,大卫·格芬,David Geffen,76,"电影, 唱片",美国
185,蒋仁生及家族,Jiang Rensheng & family,76,疫苗,中国内地
185,吉姆·肯尼迪,Jim Kennedy,76,"媒体, 汽车",美国
185,布莱尔·帕里-奥基登,Blair Parry-Okeden,76,"媒体, 汽车",美国
185,斯蒂芬·罗斯,Stephen Ross,76,房地产,美国
185,奥古斯特·冯·芬克,August von Finck,76,投资,德国
193,大卫·杜菲尔德,David Duffield,75,商业软件,美国
193,小托马斯·弗里斯特及家族,Thomas Frist Jr & family,75,医院,美国
193,埃亚勒·奥弗,Eyal Ofer,75,"房地产, 航运",以色列
196,约翰·格雷肯,John Grayken,74,私募股权,爱尔兰
196,尼尔森·彼得·路易斯-汉森,Niels Peter Louis-Hansen,74,医疗器械,丹麦
196,拉克希米·米塔尔,Lakshmi Mittal,74,钢铁,印度
196,尼基·奥本海默及家族,Nicky Oppenheimer & family,74,钻石,南非
200,约翰·杜尔,John Doerr,73,创投,美国
200,米高·嘉道理,Michael Kadoorie,73,"酒店, 能源",中国香港
200,维克托·拉什尼科夫,Viktor Rashnikov,73,钢铁,俄罗斯
200,大卫·肖,David Shaw,73,对冲基金,美国
200,谢炳,Tse Ping,73,医药,中国内地
205,伊斯坎德尔·马克穆多夫,Iskander Makhmudov,72,"矿业, 金属",俄罗斯
206,帕特里克·德拉希,Patrick Drahi,71,电信,法国
206,南希·沃尔顿·劳丽,Nancy Walton Laurie,71,沃尔玛,美国
208,罗伯特·佩拉,Robert Pera,70,无线网络设备,美国
208,鲁道夫·萨阿德及家族,Rodolphe Saadé & family,70,航运,法国
208,盖伦·韦斯顿及家族,Galen Weston & family,70,零售,加拿大
211,蔡奎,Cai Kui,69,房地产,中国内地
211,黛安·亨德里克斯,Diane Hendricks,69,屋顶设备,美国
211,罗伯特·克拉夫特,Robert Kraft,69,新英格兰爱国者队,美国
211,罗纳德·佩雷尔曼,Ronald Perelman,69,杠杆收购,美国
211,周群飞,Zhou Qunfei,69,智能手机屏幕,中国香港
216,大卫·鲁宾,David Reuben,68,"投资, 房地产",英国
216,西蒙·鲁宾,Simon Reuben,68,"房地产, 投资",英国
216,J.克里斯多夫·雷耶斯,J. Christopher Reyes,68,食品分销,美国
216,裘德·雷耶斯,Jude Reyes,68,食品分销,美国
216,伊莱·布罗德,Eli Broad,68,投资,美国
221,安德鲁·弗雷斯特,Andrew Forrest,67,矿业,澳大利亚
221,马建荣及家族,Ma Jianrong & family,67,"纺织品, 服装",中国内地
221,查尔斯·施瓦布,Charles Schwab,67,折扣经纪,美国
224,莱昂·布莱克,Leon Black,66,私募股权,美国
224,蔡志明,Francis Choi,66,房地产,中国香港
224,党彦宝,Dang Yanbao,66,煤炭,中国内地
224,伊斯雷尔·英格兰德,Israel Englander,66,对冲基金,美国
224,马希米丽亚娜·兰迪尼·阿利欧帝及家族,Massimiliana Landini Aleotti & family,66,医药,意大利
224,德米特里·雷波诺列夫,Dmitry Rybolovlev,66,肥料,俄罗斯
230,吉安路易吉·阿庞特和拉斐拉·阿庞特,Gianluigi & Rafaela Aponte,65,航运,瑞士
230,丹尼尔·吉尔伯特,Daniel Gilbert,65,Quicken Loans,美国
230,约翰·格拉夫,Johann Graf,65,博彩,奥地利
230,纪海鹏,Kei Hoi Pang,65,房地产,中国内地
230,汤姆·勒夫与朱迪·勒夫,Tom & Judy Love,65,零售 & 加油站,美国
230,马塞尔·赫尔曼·特莱斯,Marcel Herrmann Telles,65,啤酒,巴西
230,阿列克谢·库兹米切夫,Alexei Kuzmichev,65,"石油, 银行业",俄罗斯
237,阿尔贝托·巴伊雷斯·冈萨雷斯及家族,Alberto Bailleres Gonzalez & family,64,矿业,墨西哥
237,伊恩·利文斯通和理查德·利文斯通,Ian & Richard Livingstone,64,房地产,英国
237,陈颂雄,Patrick Soon-Shiong,64,医药,美国
237,王兴,Wang Xing,64,电商,中国内地
241,列昂尼德·费顿及家族,Leonid Fedun & family,63,石油,俄罗斯
241,大卫·格林及家族,David Green & family,63,零售,美国
241,金正宇,Kim Jung-ju,63,网络游戏,韩国
241,萨拉特·拉塔纳瓦迪,Sarath Ratanavadi,63,能源,泰国
241,格奥尔格·舍弗勒,Georg Schaeffler,63,汽车零件,德国
241,安德列·斯科奇及家族,Andrei Skoch & family,63,钢铁,俄罗斯
241,哈里·特里古波夫,Harry Triguboff,63,房地产,澳大利亚
248,马瑞克·马尔斯,Marijke Mars,62,"糖果, 宠物食品",美国
248,帕梅拉·马尔斯,Pamela Mars,62,"糖果, 宠物食品",美国
248,瓦莱利·马尔斯,Valerie Mars,62,"糖果, 宠物食品",美国
248,维多利亚·马尔斯,Victoria Mars,62,"糖果, 宠物食品",美国
248,史蒂夫·韦特海默及家族,Stef Wertheimer & family,62,金属工具,以色列
253,泽维尔·尼尔,Xavier Niel,61,"互联网, 电信",法国
253,约翰·欧文德克,John Overdeck,61,对冲基金,美国
253,阿齐姆·普莱姆基,Azim Premji,61,软件服务,印度
253,徐廷珍,Seo Jung-jin,61,生物技术,韩国
253,迪利普·桑哈维,Dilip Shanghvi,61,医药,印度
253,大卫·西格尔,David Siegel,61,对冲基金,美国
253,阿格尼特·科尔克·廷高,Agnete Kirk Thinggaard,61,乐高,丹麦
253,岑均达,Cen Junda,61,医药,中国内地
253,詹姆斯·古德纳特,James Goodnight,61,软件,美国
253,克伊尔德·科尔克·克里斯蒂安森,Kjeld Kirk Kristiansen,61,乐高,丹麦
253,索菲·科尔克·克里斯蒂安森,Sofie Kirk Kristiansen,61,乐高,丹麦
253,托马斯·科尔克·克里斯蒂安森,Thomas Kirk Kristiansen,61,乐高,丹麦
253,梁稳根,Liang Wengen,61,建筑施工设备,中国内地
266,范红卫及家族,Fan Hongwei & family,60,石化,中国内地
266,虞仁荣,Yu Renrong,60,半导体,中国内地
268,贝努·戈帕尔·班古尔,Benu Gopal Bangur,59,水泥,印度
268,詹姆斯·戴森,James Dyson,59,吸尘器,英国
268,小赫伯特·科勒及家族,Herbert Kohler Jr & family,59,下水管设施,美国
268,冷友斌,Leng Youbin,59,奶业,中国内地
268,刘永行,Liu Yongxing,59,多元化经营,中国内地
268,阿兰·梅里埃及家族,Alain Merieux & family,59,医药,法国
274,马克·贝尼奥夫,Marc Benioff,58,商业软件,美国
274,陈丽华及家族,Chan Laiwa & family,58,房地产,中国内地
274,约翰·马龙,John Malone,58,有线电视,美国
274,弗雷德里克·保尔森,Frederik Paulsen,58,医疗护理,瑞典
274,史蒂文·雷尔斯,Steven Rales,58,制造业,美国
274,姚振华及家族,Yao Zhenhua & family,58,联合大企业,中国内地
280,汤姆·戈尔斯,Tom Gores,57,私募股权,美国
280,拉尔夫·劳伦,Ralph Lauren,57,服装,美国
280,阮立平,Ruan Liping,57,插座,中国香港
280,阮学平,Ruan Xueping,57,插座,中国香港
280,安德里亚斯·冯·贝托尔斯海姆及家族,Andreas von Bechtolsheim & family,57,谷歌,德国
280,王文京,Wang Wenjing,57,商业软件,中国内地
286,迈克·阿登努加,Mike Adenuga,56,"电信, 石油",尼日利亚
286,玛丽亚·亚松森·阿兰布鲁沙巴拉及家族,Maria Asuncion Aramburuzabala & family,56,"啤酒, 投资",墨西哥
286,乔治·凯泽,George Kaiser,56,"油气, 银行业",美国
286,罗家宝,Law Kar Po,56,房地产,中国香港
286,潘日旺,Pham Nhat Vuong,56,多元化经营,越南
286,梅尔克·斯科尔林及家族,Melker Schorling & family,56,投资,瑞典
286,曼努埃尔·维拉,Manuel Villar,56,房地产,菲律宾
293,汉斯约格·怀斯,Hansjoerg Wyss,55,医疗器械,瑞士
293,袁征及家族,Eric Yuan & family,55,视频会议,美国
293,亚历山大·阿布拉莫夫,Alexander Abramov,55,"钢铁, 矿业",俄罗斯
293,安东尼娅·约翰逊及家族,Antonia Ax:son Johnson & family,55,多元化经营,瑞典
293,大卫·切瑞顿,David Cheriton,55,谷歌,加拿大
293,郭台铭,Terry Gou,55,电子,中国台湾
293,沃尔夫冈·马格雷及家族,Wolfgang Marguerre & family,55,医药,德国
293,罗伯特·米勒,Robert Miller,55,零售,英国
293,桑德拉·奥特加·梅拉,Sandra Ortega Mera,55,Zara,西班牙
293,邓成波,Tang Shing-bor,55,房地产,中国香港
293,丹尼斯·华盛顿,Dennis Washington,55,"建筑施工, 矿业",美国
304,乔治·阿玛尼,Giorgio Armani,54,奢侈品,意大利
304,查尔斯·厄尔根,Charles Ergen,54,卫星电视,美国
304,爱德华·约翰逊三世,Edward Johnson III,54,资金管理,美国
304,曾芳勤,Zeng Fangqin,54,智能手机部件,中国内地
308,西尔维奥·贝卢斯科尼及家族,Silvio Berlusconi & family,53,媒体,意大利
308,劳伦斯·格拉夫及家族,Laurence Graff & family,53,钻石首饰,英国
308,布鲁斯·柯夫纳,Bruce Kovner,53,对冲基金,美国
308,赖梅松,Lai Meisong,53,快递,中国内地
308,乔治·罗伯茨,George Roberts,53,私募股权,美国
308,莱因霍尔德·施米丁,Reinhold Schmieding,53,医疗器械,美国
308,蔡衍明,Tsai Eng-meng,53,"食品, 饮料",中国台湾
315,克莱夫·考尔德,Clive Calder,52,唱片,英国
315,理查德·金德,Richard Kinder,52,管线,美国
315,亨利·克拉维斯,Henry Kravis,52,私募股权,美国
315,林立,Lin Li,52,投资,中国内地
315,高原豪久,Takahisa Takahara,52,个人护理商品,日本
320,米奇·阿里森,Micky Arison,51,嘉年华邮轮,美国
320,詹姆斯·钱伯斯,James Chambers,51,"媒体, 汽车",美国
320,库蒂普·辛格与戈拜江·辛格·丁格拉,Kuldip Singh & Gurbachan Singh Dhingra,51,漆料,印度
320,杜伟民,Du Weimin,51,疫苗,中国内地
320,黄楚龙,Huang Chulong,51,房地产,加拿大
320,保罗·都铎·琼斯二世,Paul Tudor Jones II,51,对冲基金,美国
320,凯瑟琳·瑞纳,Katharine Rayner,51,"媒体, 汽车",美国
320,玛格丽塔·泰勒,Margaretta Taylor,51,"媒体, 汽车",美国
320,纳斯里·瓦迪亚,Nusli Wadia,51,消费品,印度
320,王来春,Wang Laichun,51,电子部件,中国内地
330,克里斯托弗·霍恩,Christopher Hohn,50,对冲基金,英国
330,伯提·霍特,Bertil Hult,50,教育,瑞典
330,郭氏兄弟,Kwee brothers,50,房地产,新加坡
330,李在镕,Jay Y. Lee,50,三星,韩国
330,李革,Li Ge,50,生物技术,美国
330,玛格达莱娜·马图洛-布劳赫,Magdalena Martullo-Blocher,50,化工,瑞士
330,亚历山大·奥托,Alexander Otto,50,房地产,德国
330,泰伦斯·佩古拉,Terrence Pegula,50,天然气,美国
330,纳塞夫·萨维里斯,Nassef Sawiris,50,"建筑施工, 化工",埃及
330,罗伯特·F·史密斯,Robert F. Smith,50,私募股权,美国
330,王来胜,Wang Laisheng,50,电子部件,中国内地
330,黄祖耀,Wee Cho Yaw,50,银行业,新加坡
330,丹尼尔·齐夫,Daniel Ziff,50,投资,美国
330,德科·齐夫,Dirk Ziff,50,投资,美国
330,罗伯特·齐夫,Robert Ziff,50,投资,美国
345,拉海尔·布劳赫,Rahel Blocher,49,化工,瑞士
345,李彦宏,Robin Li,49,互联网搜索,中国内地
345,卡伦·普利兹克,Karen Pritzker,49,"酒店, 投资",美国
345,马克·谢恩伯格,Mark Scheinberg,49,网络博彩,加拿大
349,陈东升,Chen Dongsheng,48,保险,中国内地
349,安德里亚斯·哈尔沃森,Andreas Halvorsen,48,对冲基金,挪威
349,迈克尔·赫茨,Michael Herz,48,咖啡,德国
349,沃尔夫冈·赫茨,Wolfgang Herz,48,咖啡,德国
349,毕齐纳·伊万尼什维利,Bidzina Ivanishvili,48,投资,格鲁吉亚
349,萨维特里·金达尔及家族,Savitri Jindal & family,48,钢铁,印度
349,保利娜·麦克米伦·凯纳斯,Pauline MacMillan Keinath,48,嘉吉,美国
349,安德烈·柯兹特钦,Andrei Kozitsyn,48,金属,俄罗斯
349,弗兰克·洛伊,Frank Lowy,48,百货中心,澳大利亚
349,卡洛斯·阿尔贝托·斯库彼拉及家族,Carlos Alberto Sicupira & family,48,啤酒,巴西
349,汪滔,Frank Wang,48,无人机,中国内地
349,山姆·泽尔,Sam Zell,48,"房地产, 私募股权",美国
361,阿南达·克里斯南,Ananda Krishnan,47,"电信, 媒体",马来西亚
361,雷尼·班科,Rene Benko,47,"房地产, 零售",奥地利
361,劳伦特·达索,Laurent Dassault,47,多元化经营,法国
361,奥利维亚·达索,Olivier Dassault,47,多元化经营,法国
361,特里·达索,Thierry Dassault,47,多元化经营,法国
361,吉姆·戴维斯及家族,Jim Davis & family,47,New Balance,美国
361,斯坦利·德鲁肯米勒,Stanley Druckenmiller,47,对冲基金,美国
361,玛丽-海伦·哈伯特,Marie-Hélène Habert,47,多元化经营,法国
361,黄仁勋,Jensen Huang,47,半导体,美国
361,弗雷德里克·伦德伯格,Fredrik Lundberg,47,"房地产, 投资",瑞典
361,沃尔夫冈·赖曼,Wolfgang Reimann,47,消费品,德国
361,马提亚斯·赖曼·安德森,Matthias Reimann-Andersen,47,消费品,德国
361,斯蒂芬·赖曼·安德森,Stefan Reimann-Andersen,47,消费品,德国
361,雷娜特·赖曼-哈斯,Renate Reimann-Haas,47,消费品,德国
375,彼得·阿文,Pyotr Aven,46,"石油, 银行业",俄罗斯
375,阿瑟·布兰克,Arthur Blank,46,家得宝,美国
375,查尔斯·多兰及家族,Charles Dolan & family,46,有线电视,美国
375,乔·刘易斯,Joe Lewis,46,投资,英国
375,乔治·卢卡斯,George Lucas,46,星球大战,美国
375,伯纳德·马库斯,Bernard Marcus,46,家得宝,美国
375,约翰·鲁伯特及家族,Johann Rupert & family,46,奢侈品,南非
375,杰夫·斯科尔,Jeff Skoll,46,eBay,美国
383,切斯·科尔曼三世,Chase Coleman III,45,对冲基金,美国
383,罗科·科米索,Rocco Commisso,45,电信,美国
383,塔玛拉·古斯塔夫森,Tamara Gustavson,45,自助存储,美国
383,黄世霖,Huang Shilin,45,电池,中国内地
383,詹姆斯·欧文,James Irving,45,多元化经营,加拿大
383,梁绍鸿,Edwin Leong,45,房地产,中国香港
383,三木谷浩史,Hiroshi Mikitani,45,网络零售,日本
383,谢尔盖·波波夫,Sergei Popov,45,银行业,俄罗斯
383,泰迪·萨吉,Teddy Sagi,45,博彩软件,以色列
383,弗里德·斯普林格,Friede Springer,45,出版,德国
383,伦纳德·斯特恩,Leonard Stern,45,房地产,美国
383,蒂姆·斯维尼,Tim Sweeney,45,电子游戏,美国
383,汪立平及家族,Wang Liping & family,45,液压机械,中国内地
383,王振华,Wang Zhenhua,45,房地产,中国内地
383,罗伯特·巴斯,Robert Bass,45,"石油, 投资",美国
383,车建新,Che Jianxing,45,家具零售,中国内地
383,陈向东,Larry Xiangdong Chen,45,教育,中国内地
383,丹尼斯·科茨,Denise Coates,45,网络博彩,英国
401,让-米歇尔·贝尼耶,Jean-Michel Besnier,44,奶酪,法国
401,玛丽·贝尼耶·博瓦罗,Marie Besnier Beauvalot,44,奶酪,法国
401,郭广昌,Guo Guangchang,44,联合大企业,中国内地
401,安蒂·赫林,Antti Herlin,44,"电梯, 滚梯",芬兰
401,雷伊·李·亨特,Ray Lee Hunt,44,"石油, 房地产",美国
401,玛莎·英格拉姆及家族,Martha Ingram & family,44,"书籍分销, 交通运输",美国
401,马克·拉德雷德·拉夏里埃,Marc Ladreit de Lacharriere,44,金融,法国
401,李泽楷,Richard Li,44,电信,中国香港
401,小罗伯特·里奇,Robert Rich Jr,44,冷冻食品,美国
401,小朱利安·罗伯逊,Julian Robertson Jr,44,对冲基金,美国
401,沃尔特·斯科特及家族,Walter Scott Jr & family,44,"公用事业, 电信",美国
401,格奥尔格·斯坦普夫,Georg Stumpf,44,"房地产, 建筑施工",奥地利
401,王传福,Wang Chuanfu,44,"电池, 汽车",中国内地
414,杰罗尼莫·阿朗戈及家族,Jeronimo Arango & family,43,零售,墨西哥
414,胡安·弗朗西斯科·贝克曼·比达尔及家族,Juan Francisco Beckmann Vidal & family,43,龙舌兰酒,墨西哥
414,亚历山大·贝林,Alexandre Behring,43,投资,巴西
414,多纳·贝尔塔雷利,Dona Bertarelli,43,生物技术,瑞士
414,马克·库班,Mark Cuban,43,网络媒体,美国
414,蒂尔曼·弗提塔,Tilman Fertitta,43,"休斯敦火箭队, 娱乐",美国
414,普拉卡什·洛希亚,Sri Prakash Lohia,43,石化,印尼
414,吉姆·帕蒂森,Jim Pattison,43,多元化经营,加拿大
414,约翰·A.索布拉托及家族,John A. Sobrato & family,43,房地产,美国
414,朗达·斯瑞克,Ronda Stryker,43,医疗设备,美国
414,穆拉特·乌尔卡,Murat Ulker,43,食品,土耳其
414,周鸿祎,Zhou Hongyi,43,安全软件,中国内地
426,西奥·穆勒,Theo Mueller,42,奶业,德国
426,约翰·保尔森,John Paulson,42,对冲基金,美国
426,艾萨德·里布拉布及家族,Issad Rebrab & family,42,食品,阿尔及利亚
426,谢尔登·索罗,Sheldon Solow,42,房地产,美国
426,孙大卫,David Sun,42,计算机硬件,美国
426,杜纪川,John Tu,42,计算机硬件,美国
426,魏建军及家族,Wei Jianjun & family,42,汽车,中国内地
426,巴贾吉兄弟,Bajaj brothers,42,多元化经营,印度
426,史蒂芬·比斯奥蒂,Stephen Bisciotti,42,"人力资源服务, 巴尔的摩渡鸦队",美国
426,阿什温·达尼,Ashwin Dani,42,漆料,印度
426,查尔斯·B·约翰逊,Charles B. Johnson,42,资金管理,美国
437,那森·布莱卡斯亚克,Nathan Blecharczyk,41,爱彼迎,美国
437,尼尔·布鲁及家族,Neal Blue & family,41,防务,美国
437,布莱恩·切斯基,Brian Chesky,41,爱彼迎,美国
437,冈瑟·菲尔曼及家族,Guenther Fielmann & family,41,验光,德国
437,曾立强,Chen Lip Keong,41,"博彩, 房地产",马来西亚
437,乔·吉比亚,Joe Gebbia,41,爱彼迎,美国
437,安德烈·古里厄夫及家族,Andrei Guriev & family,41,肥料,俄罗斯
437,阿克塞尔·奥伯尔维兰德,Axel Oberwelland,41,糖果,德国
437,潘苏通,Pan Sutong,41,"房地产, 金融",中国香港
437,奥古斯都·佩尔费蒂与乔治奥·佩尔费蒂,Augusto & Giorgio Perfetti,41,糖果,意大利
437,奥德·莱坦,Odd Reitan,41,"零售, 房地产",挪威
437,翁俊民及家族,Tahir & family,41,多元化经营,印尼
437,王文学,Wang Wenxue,41,房地产,中国内地
437,杨建文,Yeung Kin-man,41,电子,中国香港
451,玛格特·伯明翰·佩罗,Margot Birmingham Perot,40,"计算机服务, 房地产",美国
451,杰克·丹杰蒙德,Jack Dangermond,40,地图软件,美国
451,特劳德尔·恩格尔霍恩及家族,Traudl Engelhorn & family,40,"医药, 医疗设备",德国
451,约书亚·哈里斯,Joshua Harris,40,私募股权,美国
451,威亚切斯拉夫·坎托尔,Viatcheslav Kantor,40,"肥料, 房地产",俄罗斯
451,罗纳德·劳德,Ronald Lauder,40,雅诗兰黛,美国
451,贞尼斯·麦克奈尔,Janice McNair,40,"能源, 体育",美国
451,塞米·马内姆内,Sami Mnaymneh,40,私募股权,美国
451,重田康光及家族,Yasumitsu Shigeta & family,40,移动电话零售,日本
451,杰里·斯派尔,Jerry Speyer,40,房地产,美国
451,托尼·塔梅尔,Tony Tamer,40,私募股权,美国
451,拉多万·维特克,Radovan Vitek,40,房地产,捷克共和国
451,汪林朋,Wang Linpeng,40,家具零售,中国内地
451,拉斯·韦纳,Russ Weiner,40,能量饮料,美国
451,莱斯·卫克斯奈及家族,Les Wexner & family,40,零售,美国
451,姚良松,Yao Liangsong,40,家具,中国内地
451,朱保国及家族,Zhu Baoguo & family,40,医药,中国内地
468,林百里,Barry Lam,39,电子,中国台湾
468,林惠英,Lam Wai Ying,39,智能手机屏幕,中国香港
468,玛格丽塔·刘易斯-德雷弗斯及家族,Margarita Louis-Dreyfus & family,39,大宗商品,瑞士
468,伊戈尔·奥伦尼科夫,Igor Olenicoff,39,房地产,美国
468,艾萨克·珀尔马特,Isaac Perlmutter,39,漫威漫画,美国
468,其实及家族,Qi Shi & family,39,金融信息,中国内地
468,卡洛斯·罗德里格斯-帕斯托,Carlos Rodriguez-Pastor,39,金融,秘鲁
468,胡安·罗伊格,Juan Roig,39,超市,西班牙
468,史蒂文·伍得瓦-赫兹,Steven Udvar-Hazy,39,航空器租赁,美国
468,王玉锁及家族,Wang Yusuo & family,39,天然气分销,中国内地
468,赵燕,Zhao Yan,39,"医药, 房地产",中国内地
468,安康,An Kang,39,医药,中国内地
468,丁世家,Ding Shijia,39,运动服装,中国内地
468,丁世忠,Ding Shizhong & family,39,运动服装,中国内地
468,古斯塔夫·道格拉斯,Gustaf Douglas,39,投资,瑞典
468,肯·费舍尔,Ken Fisher,39,资金管理,美国
484,玛丽亚·费尔南达·阿莫林及家族,Maria Fernanda Amorim & family,38,"能源, 投资",葡萄牙
484,拉胡尔·巴贾吉,Rahul Bajaj,38,多元化经营,印度
484,程雪,Cheng Xue,38,酱油,中国内地
484,玛丽安·伊里奇,Marian Ilitch,38,小凯撒,美国
484,玛丽·艾丽斯·多兰斯·马龙,Mary Alice Dorrance Malone,38,金宝汤,美国
484,尤里·米尔纳,Yuri Milner,38,科技投资,以色列
484,埃马努埃莱 ·萨普托及家族,Emanuele (Lino) Saputo & family,38,奶酪,加拿大
484,沙乌勒·沙尼,Shaul Shani,38,电信,以色列
484,哈里·斯泰恩,Harry Stine,38,农业,美国
484,杰夫·萨顿,Jeff Sutton,38,房地产,美国
494,阿卜杜拉·本·艾哈迈德·古赖尔及家族,Abdulla bin Ahmad Al Ghurair & family,37,多元化经营,阿联酋
494,大卫·巴克利和弗雷德里克·巴克利,David & Frederick Barclay,37,"媒体, 零售",英国
494,尼尔·布卢姆,Neil Bluhm,37,房地产,美国
494,大卫·邦德曼,David Bonderman,37,私募股权,美国
494,让·皮埃尔·卡亚尔,Jean-Pierre Cayard,37,烈酒,法国
494,安德鲁·加里,Andrew Currie,37,化工,英国
494,杰弗·格林,Jeff Greene,37,"房地产, 投资",美国
494,里德·哈斯廷斯,Reed Hastings,37,Netflix,美国
494,弗拉基米尔·金,Vladimir Kim,37,矿业,哈萨克斯坦
494,特德·勒纳及家族,Ted Lerner & family,37,房地产,美国
494,李华,Li Wa,37,房地产,中国香港
494,迈克尔·米尔肯,Michael Milken,37,投资,美国
494,似鸟昭雄,Akio Nitori,37,家庭装修,日本
494,伊丹·奥弗,Idan Ofer,37,"钻探, 航运",以色列
494,米切尔·雷尔斯,Mitchell Rales,37,"制造业, 投资",美国
494,约翰·里斯,John Reece,37,化工,英国
494,特雷弗·里斯-琼斯,Trevor Rees-Jones,37,油气,美国
494,库夏·帕尔·辛格,Kushal Pal Singh,37,房地产,印度
494,米哈·索罗,Michal Solowow,37,投资,波兰
494,阿亚瓦特·斯里瓦塔那布拉帕及家族,Aiyawatt Srivaddhanaprabha & family,37,免税店,泰国
514,达格玛·杜比及家族,Dagmar Dolby & family,36,杜比实验室,美国
514,斯科特·邓肯,Scott Duncan,36,管线,美国
514,米兰内·弗朗茨,Milane Frantz,36,管线,美国
514,弗里茨·戈登斯迈迪恩,Frits Goldschmeding,36,临时工中介,荷兰
514,卢西亚诺·昂,Luciano Hang,36,百货商场,巴西
514,海达·伊姆·布拉姆-德勒格,Hedda im Brahm-Droege,36,咨询,德国
514,谢中民,Sumet Jiaravanon,36,多元化经营,泰国
514,李德义,Samuel Tak Lee,36,房地产,中国香港
514,李耀祖、李耀升,Lee Yeow Chor & Yeow Seng,36,"棕榈油, 房地产",马来西亚
514,林书鸿,Lin Shu-hong,36,石化,中国台湾
514,永守重信,Shigenobu Nagamori,36,马达,日本
514,聂腾云及家族,Nie Tengyun & family,36,物流,中国内地
514,罗杰·莱尼及家族,Rodger Riney & family,36,折扣经纪,美国
514,加里·罗林斯,Gary Rollins,36,害虫控制,美国
514,亚历山德拉·斯科尔古伯,Alexandra Schoerghuber,36,房地产,德国
514,托马斯·西贝尔,Thomas Siebel,36,商业软件,美国
514,林希·斯奈德,Lynsi Snyder,36,In-N-Out Burger,美国
514,史蒂文·斯皮尔伯格,Steven Spielberg,36,电影,美国
514,唐纳德·斯特林,Donald Sterling,36,房地产,美国
514,廖汤慧霭,Rita Tong Liu,36,房地产,中国香港
514,王恒,Roger Wang,36,零售,美国
514,兰达·邓肯·威廉姆斯,Randa Duncan Williams,36,管线,美国
514,阿洛伊斯·沃本,Aloys Wobben,36,风力发电机,德国
514,丹宁·阿瓦拉,Dannine Avara,36,管线,美国
538,保罗·辛格,Paul Singer,35,对冲基金,美国
538,大卫·斯图尔特,David Steward,35,IT提供商,美国
538,郑鸿标,Teh Hong Piow,35,银行业,马来西亚
538,弗兰克·范德士,Frank VanderSloot,35,"营养, 健康产品",美国
538,M.A.优素福·阿里,M.A. Yusuff Ali,35,零售,印度
538,张宏伟,Zhang Hongwei,35,"石油, 银行业",中国内地
538,张欣 & 潘石屹,Zhang Xin & Pan Shiyi,35,房地产,中国内地
538,本·阿什肯纳齐,Ben Ashkenazy,35,房地产,美国
538,乌苏拉·贝克托什梅尔-基普,Ursula Bechtolsheimer-Kipp,35,零售,德国
538,文森特·博罗雷及家族,Vincent Bolloré & family,35,投资,法国
538,谢正民,Jaran Chiaravanont,35,多元化经营,泰国
538,哈斯穆克·丘德加,Hasmukh Chudgar,35,医药,印度
538,杜耳塞·普格里斯·德·戈多伊·布埃诺,Dulce Pugliese de Godoy Bueno,35,"医院, 医疗护理",巴西
538,穆拉利·迪维及家族,Murali Divi & family,35,医药,印度
538,小阿莫斯·霍斯泰特,Amos Hostetter Jr,35,有线电视,美国
538,谢大民,Montri Jiaravanont,35,多元化经营,泰国
538,高民环及家族,Min Kao & family,35,导航设备,美国
538,伊戈尔·克萨伊夫,Igor Kesaev,35,"烟草分销, 零售",俄罗斯
538,李运强,Patrick Lee,35,纸业,中国香港
538,道格拉斯·莱昂内,Douglas Leone,35,创投,美国
538,林斌,Lin Bin,35,智能手机,美国
538,加布·纽厄尔,Gabe Newell,35,电子游戏,美国
538,彭云鹏,Prajogo Pangestu,35,石化,印尼
538,安东尼·普利兹克,Anthony Pritzker,35,"酒店, 投资",美国
538,兰德尔·罗林斯,Randall Rollins,35,害虫控制,美国
538,亨利·萨缪里,Henry Samueli,35,半导体,美国
538,查尔斯·西蒙尼,Charles Simonyi,35,微软,美国
565,卡皮尔·巴蒂亚和拉胡尔·巴蒂亚,Kapil & Rahul Bhatia,34,航空公司,印度
565,理查德·布兰森,Richard Branson,34,维珍,英国
565,瑞克·卡鲁索,Rick Caruso,34,房地产,美国
565,布巴·凯西,Bubba Cathy,34,Chick-fil-A,美国
565,丹·凯西,Dan Cathy,34,Chick-fil-A,美国
565,马韩德拉·高格斯及家族,Mahendra Choksi & family,34,漆料,印度
565,董伟,Dong Wei,34,医药,中国内地
565,帕维尔·杜罗夫,Pavel Durov,34,讯息应用,俄罗斯
565,胡安·卡洛斯·埃斯科泰,Juan Carlos Escotet,34,银行业,委内瑞拉
565,谢尔盖·加利茨基,Sergei Galitsky,34,零售,俄罗斯
565,杰米·吉林斯基·巴卡尔,Jaime Gilinski Bacal,34,银行业,哥伦比亚
565,何超琼,Pansy Ho,34,博彩,中国香港
565,黄如论,Huang Rulun,34,房地产,中国内地
565,丹尼尔·克雷钦斯基,Daniel Kretinsky,34,能源供应,捷克共和国
565,米格尔·克里格斯纳,Miguel Krigsner,34,化妆品,巴西
565,路德维希·默克勒,Ludwig Merckle,34,医药,德国
565,森章及家族,Akira Mori & family,34,房地产,日本
565,迈克尔·莫里茨,Michael Moritz,34,创投,美国
565,J.B.普利兹克,J.B. Pritzker,34,"酒店, 投资",美国
565,小恩里克·雷颂,Enrique Razon Jr,34,港口,菲律宾
565,托马斯·史密德海尼,Thomas Schmidheiny,34,水泥,瑞士
565,理查德·舒尔茨,Richard Schulze,34,百思买,美国
565,林恩·舒斯特曼,Lynn Schusterman,34,"油气, 投资",美国
565,罗密什·T·瓦德哈尼,Romesh T. Wadhwani,34,软件,美国
565,张劲,Zhang Jin,34,多元化经营,中国内地
590,维克拉姆·拉尔,Vikram Lal,33,摩托车,印度
590,简·劳德,Jane Lauder,33,雅诗兰黛,美国
590,林秀成及家族,Lin Xiucheng & family,33,电子,中国内地
590,穆罕默德·曼苏尔,Mohamed Mansour,33,多元化经营,埃及
590,约翰·米德尔顿,John Middleton,33,烟草,美国
590,阿农·米尔坎,Arnon Milchan,33,电影制作,以色列
590,阿图罗·莫雷诺,Arturo Moreno,33,"广告牌, 洛杉矶安那罕天使队",美国
590,迈克尔·奥托,Michael Otto,33,"零售, 房地产",德国
590,亚历山大·波诺马连科,Alexander Ponomarenko,33,"房地产, 机场",俄罗斯
590,德克·罗斯曼及家族,Dirk Rossmann & family,33,药妆店,德国
590,施永宏,Shi Yonghong & family,33,餐饮,中国内地
590,亚历山大·斯库罗波加特科,Alexander Skorobogatko,33,"房地产, 机场",俄罗斯
590,安东尼·冯曼德尔,Anthony von Mandl,33,酒精饮料,加拿大
590,梅格·惠特曼,Meg Whitman,33,eBay,美国
590,克里斯托弗·泽勒,Christoph Zeller,33,牙种植体,列支敦士登
590,马希德·弗泰伊姆及家族,Majid Al Futtaim & family,33,"房地产, 零售",阿联酋
590,穆哈德·阿利塔徳,Mohed Altrad,33,"脚手架, 水泥搅拌机",法国
590,莎丽·阿里森,Shari Arison,33,嘉年华邮轮,以色列
590,约翰·阿诺德,John Arnold,33,对冲基金,美国
590,约翰·卡西马蒂斯,John Catsimatidis,33,"石油, 房地产",美国
590,朱孟依及家族,Chu Mang Yee & family,33,房地产,中国内地
590,丹·弗莱德金,Dan Friedkin,33,丰田经销店,美国
590,H·菲斯克·约翰逊,H. Fisk Johnson,33,清洁产品,美国
590,S·柯蒂斯·约翰逊,S. Curtis Johnson,33,清洁产品,美国
590,海伦·约翰逊-雷波德,Helen Johnson-Leipold,33,清洁产品,美国
590,温弗雷德·约翰逊-马奎特,Winifred Johnson-Marquart,33,清洁产品,美国
616,奇普·威尔逊,Chip Wilson,32,Lululemon,加拿大
616,徐镜人,Xu Jingren,32,医药,中国内地
616,丹尼斯·约克及家族,Denise York & family,32,旧金山49人队,美国
616,詹克团,Micree Zhan,32,加密货币矿机芯片,中国内地
616,张文中,Zhang Wenzhong,32,超市,中国内地
616,安德烈·巴比斯,Andrej Babis,32,农业,捷克共和国
616,盖尔·本生,Gayle Benson,32,职业体育队,美国
616,伯特·贝弗里奇,Bert Beveridge,32,伏特加,美国
616,查尔斯·科恩,Charles Cohen,32,房地产,美国
616,约翰·克里森,John Collison,32,支付软件,爱尔兰
616,帕特里克·克里森,Patrick Collison,32,支付软件,爱尔兰
616,利昂·库珀曼,Leon G. Cooperman,32,对冲基金,美国
616,亚基尔·加巴伊,Yakir Gabay,32,房地产,塞浦路斯
616,汤姆·格里萨诺,Tom Golisano,32,薪酬服务,美国
616,乔纳森·格雷,Jonathan Gray,32,投资,美国
616,马丁·海夫纳,Martin Haefner,32,"软件, 投资",瑞士
616,老杰里米·雅各布斯及家族,Jeremy Jacobs Sr & family,32,食品服务,美国
616,姜滨,Jiang Bin,32,声学组件,中国内地
616,小鲁珀特·约翰逊,Rupert Johnson Jr,32,资金管理,美国
616,达里尔·卡茨,Daryl Katz,32,药店,加拿大
616,肯·朗格尼,Ken Langone,32,投资,美国
616,冈瑟·莱曼及家族,Guenther Lehmann & family,32,药妆店,德国
616,詹姆斯·勒普林诺,James Leprino,32,奶酪,美国
616,李海燕,Li Haiyan,32,餐饮,中国内地
616,罗纳德·麦高利,Ronald McAulay,32,能源,中国香港
616,三木正浩,Masahiro Miki,32,鞋类,日本
616,约翰·莫里斯,John Morris,32,体育商品零售,美国
616,汉斯·乔治·纳德,Hans Georg Naeder,32,义肢,德国
616,保罗·马里奥·罗卡和吉安菲利斯·马里奥·罗卡,Paolo & Gianfelice Mario Rocca,32,管道制造业,意大利
616,马克·罗恩,Marc Rowan,32,私募股权,美国
616,伊扎克·特苏瓦,Yitzhak Tshuva,32,房地产,以色列
616,董建成,Tung Chee Chen,32,航运,中国香港
648,阿尼尔·阿加瓦尔及家族,Anil Agarwal & family,31,"矿业, 金属",印度
648,伊戈尔·阿图辛,Igor Altushkin,31,金属,俄罗斯
648,阿兰·布夏尔,Alain Bouchard,31,零售,加拿大
648,迪米特里·巴赫曼,Dmitry Bukhman,31,网络游戏,俄罗斯
648,叶戈尔·巴赫曼,Igor Bukhman,31,网络游戏,俄罗斯
648,约翰·保罗·德约里尔,John Paul DeJoria,31,"头发产品, 龙舌兰酒",美国
648,古斯塔沃·迪尼格里,Gustavo Denegri,31,生物技术,意大利
648,伯纳德·埃克莱斯顿及家族,Bernard Ecclestone & family,31,一级方程式,英国
648,阿兰·戈德曼,Allan Goldman,31,房地产,美国
648,简·戈德曼,Jane Goldman,31,房地产,美国
648,埃米·戈德曼·福勒,Amy Goldman Fowler,31,房地产,美国
648,托马斯·哈根,Thomas Hagen,31,保险,美国
648,唐·汉基,Don Hankey,31,汽车贷款,美国
648,彼得·哈格里夫斯,Peter Hargreaves,31,金融服务,英国
648,黄立,Huang Li,31,成像系统,中国内地
648,尔曼·伊利卡克,Erman Ilicak,31,建筑施工,土耳其
648,伊藤雅俊,Masatoshi Ito,31,零售,日本
648,戴安·坎珀尔,Diane Kemper,31,房地产,美国
648,吕向阳,Lu Xiangyang,31,"汽车, 电池",中国内地
648,丹尼尔·奥奇,Daniel Och,31,对冲基金,美国
648,朴渊次,Park Yeon-cha,31,运动鞋,韩国
648,卡雷尔·科玛列克,Karel Komarek,31,"油气, IT",捷克共和国
648,卡珊·帕特尔,Karsanbhai Patel,31,消费品,印度
648,托马斯·普利兹克,Thomas Pritzker,31,"酒店, 投资",美国
648,尼古拉斯·皮埃什,Nicolas Puech,31,爱马仕,法国
648,小爱德华·罗斯基,Edward Roski Jr,31,房地产,美国
648,约翰·萨尔,John Sall,31,软件,美国
648,凯鲁·丹绒,Chairul Tanjung,31,多元化经营,印尼
648,阿布合·瓦基尔及家族,Abhay Vakil & family,31,漆料,印度
648,吴志刚及家族,Wu Zhigang & family,31,面包连锁店,中国内地
648,史蒂夫·韦恩,Steve Wynn,31,"博彩, 酒店",美国
648,易峥,Yi Zheng,31,软件,中国内地
680,巴里·迪勒,Barry Diller,30,网络媒体,美国
680,贝内特·多兰斯,Bennett Dorrance,30,金宝汤,美国
680,方威,Fang Wei,30,钢铁,中国内地
680,皮耶罗·法拉利,Piero Ferrari,30,汽车,意大利
680,傅利泉,Fu Liquan,30,监控设备,中国内地
680,克里斯蒂安·豪布,Christian Haub,30,零售,德国
680,海蒂·霍滕,Heidi Horten,30,零售,奥地利
680,詹姆斯·埃尔舍,James Irsay,30,印第安纳波利斯小马队,美国
680,李泰,Thai Lee,30,IT提供商,美国
680,梁安琪,Angela Leong,30,博彩,中国香港
680,李留法及家族,Li Liufa & family,30,"钢铁, 多元化经营",中国内地
680,约瑟夫·莱曼特,Joseph Liemandt,30,软件,美国
680,托比·卢克,Tobi Lutke,30,电商,加拿大
680,格温多琳·松泰姆·迈耶,Gwendolyn Sontheim Meyer,30,嘉吉,美国
680,潘政民及家族,Benjamin Zhengmin Pan & family,30,电子,中国内地
680,黄嘉儿及家族,Carrie Perrodo & family,30,石油,法国
680,艾拉·雷纳特,Ira Rennert,30,投资,美国
680,纳吉布·萨维里斯,Naguib Sawiris,30,电信,埃及
680,霍华德·舒尔兹,Howard Schultz,30,星巴克,美国
680,托马斯·塞康达,Thomas Secunda,30,彭博公司,美国
680,埃里克·斯密特,Eric Smidt,30,硬件商店,美国
680,巴里·斯滕力施特,Barry Sternlicht,30,私募股权,美国
680,徐庆培,Suh Kyung-bae,30,化妆品,韩国
680,小威廉·瑞格利,William Wrigley Jr,30,口香糖,美国
680,俞敏洪,Michael Minhong Yu,30,教育,中国内地
680,于泳,Yu Yong,30,矿业,中国内地
680,卡尔·贝内特,Carl Bennet,30,投资,瑞典
680,马丁·布伊格和奥利佛·布伊格,Martin & Olivier Bouygues,30,"建筑施工, 媒体",法国
680,奥兰多·布拉沃,Orlando Bravo,30,私募股权,美国
680,约翰·布朗,John Brown,30,医疗设备,美国
680,朱塞佩·德龙及家族,Giuseppe De'Longhi & family,30,咖啡机,意大利
680,拉斐尔·德皮诺·卡尔沃-索特洛,Rafael Del Pino y Calvo-Sotelo,30,建筑施工,西班牙
712,阿布杜萨玛德·拉比乌,Abdulsamad Rabiu,29,"水泥, 糖类",尼日利亚
712,迈克尔·鲁宾,Michael Rubin,29,网络零售,美国
712,帕特里克·赖安,Patrick Ryan,29,保险,美国
712,伯纳德·索尔二世,Bernard Saul II,29,"银行业, 房地产",美国
712,马克·舒恩,Mark Shoen,29,U-Haul,美国
712,宿华,Su Hua,29,视频流媒体,中国内地
712,格伦·泰勒,Glen Taylor,29,印刷,美国
712,王振东,Wang Zhendong,29,教育,中国内地
712,汉斯·彼得·维尔德,Hans Peter Wild,29,香精香料,瑞士
712,黄联禧,Wong Luen Hei,29,建材,中国内地
712,薛向东及家族,Xue Xiangdong & family,29,软件,中国内地
712,安田隆夫,Takao Yasuda,29,零售,日本
712,郑淑良及家族,Zheng Shuliang & family,29,铝产品,中国内地
712,周建平,Zhou Jianping,29,时尚零售,中国内地
712,胡安·阿韦略,Juan Abello,29,投资,西班牙
712,理查德·钱德勒,Richard Chandler,29,投资,新西兰
712,陈建华,Chen Jianhua,29,化工,中国内地
712,陈泰铭,Pierre Chen,29,电子,中国台湾
712,斯科特·库克,Scott Cook,29,软件,美国
712,丹尼尔·德安尼埃罗,Daniel D'Aniello,29,私募股权,美国
712,安德列·艾斯泰维斯,Andre Esteves,29,银行业,巴西
712,约翰·甘德尔,John Gandel,29,百货中心,澳大利亚
712,迈克尔·辛兹,Michael Hintze,29,投资,澳大利亚
712,史蒂芬·科林斯基,Steven Klinsky,29,投资,美国
712,权赫彬,Kwon Hyuk-bin,29,网络游戏,韩国
712,汉斯·朗格,Hans Langer,29,3D打印,德国
712,鲁道夫·马格,Rudolf Maag,29,医疗器械,瑞士
712,野田顺弘,Masahiro Noda,29,软件,日本
712,丹尼斯·奥布赖恩,Denis O'Brien,29,电信,爱尔兰
712,丹·奥尔森,Dan Olsson,29,多元化经营,瑞典
712,潘卡·帕特尔,Pankaj Patel,29,医药,印度
743,皮埃尔·贝龙及家族,Pierre Bellon & family,28,食品服务,法国
743,尤尔根·布利克勒,Juergen Blickle,28,汽车零件,德国
743,杰伊·乔德利,Jay Chaudhry,28,安全软件,美国
743,奥托·哈佩尔,Otto Happel,28,工程,德国
743,詹姆斯·简纳德,James Jannard,28,太阳镜,美国
743,金范秀,Kim Beom-su,28,网络服务,韩国
743,铁木尔·库利巴耶夫,Timur Kulibaev,28,银行业,哈萨克斯坦
743,迪纳拉·库利巴耶娃,Dinara Kulibaeva,28,银行业,哈萨克斯坦
743,理查德·勒弗拉克及家族,Richard LeFrak & family,28,房地产,美国
743,丹尼尔·勒布,Daniel Loeb,28,对冲基金,美国
743,小斯蒂芬·曼德尔,Stephen Mandel Jr,28,对冲基金,美国
743,乔·曼索托,Joe Mansueto,28,投资研究,美国
743,菲利普·尼阿乔斯,Philip Niarchos,28,艺术收藏,希腊
743,玛雅·奥里,Maja Oeri,28,医药,瑞士
743,柯为湘,Or Wai Sheun,28,房地产,中国香港
743,阿卡迪·罗滕伯格,Arkady Rotenberg,28,"建筑施工, 管道",俄罗斯
743,克里夫·鲍尔默,Clive Palmer,28,矿业,澳大利亚
743,邱光和及家族,Qiu Guanghe & family,28,时尚零售,中国内地
743,大卫·鲁宾斯坦,David Rubenstein,28,私募股权,美国
743,苏素玉及家族,Su Suyu & family,28,"公用事业, 房地产",中国内地
743,张涛,Zhang Tao,28,电商,中国内地
764,拉尔夫·多摩莫斯,Ralph Dommermuth,27,互联网服务提供商,德国
764,冯海良,Feng Hailiang,27,"铜, 教育",中国内地
764,布拉特·乌泰穆拉托夫,Bulat Utemuratov,27,"矿业, 银行业",哈萨克斯坦
764,吉米·哈斯拉姆,Jimmy Haslam,27,"加油站, 零售",美国
764,格奥尔格·豪布,Georg Haub,27,零售,德国
764,扎拉卡·伊利耶夫,Zarakh Iliev,27,房地产,俄罗斯
764,江南春,Jason Jiang,27,广告,中国内地
764,柯尊洪及家族,Ke Zunhong & family,27,医药,中国内地
764,彼得·凯洛格,Peter Kellogg,27,投资,美国
764,内森·基尔什,Nathan Kirsh,27,"零售, 房地产",伊斯瓦蒂尼 (斯威士兰)
764,埃里克·莱夫科夫斯基,Eric Lefkofsky,27,Groupon,美国
764,李仲初,Li Zhongchu,27,软件,中国内地
764,玛丽安·里布曼,Marianne Liebmann,27,嘉吉,美国
764,马丁·罗伦森,Martin Lorentzon,27,Spotify,瑞典
764,杰弗里·卢里,Jeffrey Lurie,27,费城老鹰队,美国
764,小德雷顿·麦克莱恩,Drayton McLane Jr,27,"沃尔玛, 物流",美国
764,欧文·弗朗茨·穆勒,Erwin Franz Mueller,27,药妆店,德国
764,亨利·尼古拉斯三世,Henry Nicholas III,27,半导体,美国
764,高德·尼萨洛夫,God Nisanov,27,房地产,俄罗斯
764,肖恩·帕克,Sean Parker,27,Facebook,美国
764,鲍勃·帕森斯,Bob Parsons,27,网页伺服,美国
764,霍斯特·朱利叶斯·普德维尔,Horst Julius Pudwill,27,制造业,德国
764,昌德鲁·拉赫贾,Chandru Raheja,27,房地产,印度
764,安东尼·雷斯勒,Antony Ressler,27,金融,美国
764,哈伊姆·萨班,Haim Saban,27,"电视网, 投资",美国
764,舒萍,Shu Ping,27,餐饮,新加坡
764,弗雷德·史密斯,Fred Smith,27,联邦快递,美国
764,乔恩·斯瑞克,Jon Stryker,27,医疗设备,美国
764,孙怀庆及家族,Sun Huaiqing & family,27,化妆品,中国内地
764,蔡明兴,Richard Tsai,27,金融,中国台湾
764,唐·瓦尔塔吉欧及家族,Don Vultaggio & family,27,饮料,美国
764,马克·沃尔特,Mark Walter,27,金融,美国
764,尹衍樑,Samuel Yin,27,零售,中国台湾
764,安东尼·班福德及家族,Anthony Bamford & family,27,建筑施工设备,英国
764,伯纳德·布略耳曼,Bernard Broermann,27,医院,德国
764,亚历杭德罗·巴尔格洛尼,Alejandro Bulgheroni,27,油气,阿根廷
764,奥斯汀·卡吉尔二世,Austen Cargill II,27,嘉吉,美国
764,詹姆斯·卡吉尔二世,James Cargill II,27,嘉吉,美国
764,侯业顺,Vanich Chaiyawan,27,"保险, 饮料",泰国
764,小威廉·康威,William Conway Jr,27,私募股权,美国
804,胡柏藩,Hu Baifan,26,医药,中国内地
804,B· 韦恩·休斯,B. Wayne Hughes,26,自助存储,美国
804,特拉维斯·卡拉尼克,Travis Kalanick,26,优步,美国
804,关锦安及家族,Kuan Kam Hon & family,26,合成手套,马来西亚
804,拉吉·库玛和吉辛·RK,Raj Kumar & Kishin RK,26,房地产,新加坡
804,克里斯·拉森,Chris Larsen,26,加密货币,美国
804,米歇尔·雷勒克及家族,Michel Leclercq & family,26,体育商品,法国
804,卢志强,Lu Zhiqiang,26,房地产,中国内地
804,基兰·玛朱姆达-肖,Kiran Mazumdar-Shaw,26,生物技术,印度
804,帕万·穆贾尔及家族,Pawan Munjal & family,26,摩托车,印度
804,果尔格·内梅切克及家族,Georg Nemetschek & family,26,软件,德国
804,迈克尔·皮珀,Michael Pieper,26,厨房用具,瑞士
804,塞巴斯蒂安·皮涅拉及家族,Sebastian Pi?era & family,26,投资,智利
804,约翰·普利兹克,John Pritzker,26,"酒店, 投资",美国
804,萨姆纳·雷德斯通,Sumner Redstone,26,媒体,美国
804,丹·斯奈德,Dan Snyder,26,华盛顿红皮队,美国
804,托马斯·施特劳曼,Thomas Straumann,26,牙种植体,瑞士
804,劳伦斯·斯特罗尔,Lawrence Stroll,26,时尚投资,加拿大
804,伊瓦尔·托勒弗森,Ivar Tollefsen,26,房地产,挪威
804,蔡宏图,Tsai Hong-tu,26,金融,中国台湾
804,泰伊·华纳,Ty Warner,26,"房地产, 毛绒玩具",美国
804,张力,Zhang Li,26,房地产,中国内地
804,克里福德·阿斯尼斯,Clifford Asness,26,资金管理,美国
804,威廉·伯克利,William Berkley,26,保险,美国
804,伊娃·玛丽亚·布赫-海夫纳,Eva Maria Bucher-Haefner,26,"软件, 投资",瑞士
804,吉姆·科尔特,Jim Coulter,26,私募股权,美国
804,吉姆·戴维斯,Jim Davis,26,人力资源服务 & 招聘,美国
804,约翰·多兰斯三世,John Dorrance III,26,金宝汤,爱尔兰
804,杰克·多尔西,Jack Dorsey,26,"Twitter, Square",美国
804,伊凡·格拉森伯格,Ivan Glasenberg,26,矿业,瑞士
804,诺姆·戈特斯曼,Noam Gottesman,26,对冲基金,美国
804,约翰·亨利,John Henry,26,体育,美国
836,李水荣,Li Shuirong,25,石化,中国内地
836,李思廉,Li Sze Lim,25,房地产,中国香港
836,刘忠田及家族,Liu Zhongtian & family,25,铝产品,中国内地
836,塞尔吉奥·曼特加扎,Sergio Mantegazza,25,旅行,瑞士
836,拉维·皮莱,Ravi Pillai,25,建筑施工,印度
836,潘妮·普利兹克,Penny Pritzker,25,"酒店, 投资",美国
836,伦佐·罗索及家族,Renzo Rosso & family,25,时尚,意大利
836,罗伯特·罗琳,Robert Rowling,25,"酒店, 投资",美国
836,菲尔·拉芬,Phil Ruffin,25,"博彩, 房地产",美国
836,赫伯·西蒙,Herb Simon,25,房地产,美国
836,马克·斯蒂文斯,Mark Stevens,25,创投,美国
836,孙寿宽,Sun Shoukuan,25,"金属, 煤炭",中国内地
836,艾伦·特雷弗蕾,Alan Trefler,25,软件,美国
836,蔡政达,Tsai Cheng-ta,25,金融,中国台湾
836,董建华,Tung Chee Hwa,25,航运,中国香港
836,彼得·昂格尔,Peter Unger,25,汽车修理,德国
836,奥普拉·温弗瑞,Oprah Winfrey,25,电视剧,美国
836,莫蒂默·朱克曼,Mortimer Zuckerman,25,"房地产, 媒体",美国
836,布莱恩·阿克顿,Brian Acton,25,WhatsApp,美国
836,迈克尔·阿什利,Michael Ashley,25,体育零售,英国
836,莱纳·布利克勒,Rainer Blickle,25,汽车零件,德国
836,约翰·考德韦尔,John Caudwell,25,手机,英国
836,张虔生,Jason Chang,25,电子,新加坡
836,朱章元,Choo Chong Ngen,25,酒店,新加坡
836,郑梦九,Chung Mong-koo,25,现代,韩国
836,马丁·艾博内,Martin Ebner,25,投资,瑞士
836,阿尔奇·奥尔迪斯·伊莫森及家族,Archie Aldis Emmerson & family,25,"林地, 伐木场",美国
836,朱迪·福克纳,Judy Faulkner,25,健康IT,美国
836,菲利普·弗德赛,Philippe Foriel-Destezet,25,就业机构,法国
836,鲍勃·加戈拉迪,Bob Gaglardi,25,酒店,加拿大
836,卢卡·加拉沃格利亚,Luca Garavoglia,25,烈酒,意大利
836,彼得·加斯纳,Peter Gassner,25,软件,美国
836,黄毅,Huang Yi,25,汽车经销店,中国香港
836,约翰纳尔·亨特,Johnelle Hunt,25,卡车运输,美国
836,亚瑟·欧文,Arthur Irving,25,石油,加拿大
836,山姆威尔·卡拉佩特延,Samvel Karapetyan,25,房地产,俄罗斯
836,郭令明,Kwek Leng Beng,25,多元化经营,新加坡
836,郭基俊,Geoffrey Kwok,25,房地产,中国香港
836,马里查·拉扎里及家族,Maritsa Lazari & family,25,房地产,英国
875,E. 乔·舒恩,E. Joe Shoen,24,U-Haul,美国
875,岑钊雄及家族,Shum Chiu Hung & family,24,房地产,中国内地
875,齐格蒙特·索罗茨-扎克,Zygmunt Solorz-Zak,24,电视转播,波兰
875,多田胜美,Katsumi Tada,24,房地产,日本
875,蔡明忠,Daniel Tsai,24,金融,中国台湾
875,赫伯特·威腾,Herbert Wertheim,24,投资,美国
875,杨致远,Jerry Yang,24,雅虎,美国
875,邢李?,Michael Ying,24,零售,中国香港
875,张道才,Zhang Daocai,24,阀门,中国内地
875,雷纳托·阿克梅托夫,Rinat Akhmetov,24,"钢铁, 煤炭",乌克兰
875,乔治·毕夏普,George Bishop,24,油气,美国
875,诺曼·布莱曼,Norman Braman,24,"艺术品, 汽车经销店",美国
875,让·库都及家族,Jean Coutu & family,24,药妆店,加拿大
875,亚历山大·弗罗洛夫,Alexander Frolov,24,"矿业, 钢铁",俄罗斯
875,拉克什·甘瓦尔,Rakesh Gangwal,24,航空公司,美国
875,厄内斯特·加西亚二世,Ernest Garcia II,24,二手车,美国
875,保罗·高斯曼及家族,Paul Gauselmann & family,24,博彩,德国
875,哈罗德·哈姆及家族,Harold Hamm & family,24,油气,美国
875,爱德华·约翰逊四世,Edward Johnson IV,24,资金管理,美国
875,伊丽莎白·约翰逊,Elizabeth Johnson,24,资金管理,美国
875,布拉德·凯利,Brad Kelley,24,烟草,美国
875,艾丽西亚·科普洛维茨,Alicia Koplowitz,24,"建筑施工, 投资",西班牙
875,Kwek Leng Kee,Kwek Leng Kee,24,多元化经营,新加坡
875,梁信军,Liang Xinjun,24,联合大企业,中国内地
875,刘汉元,Liu Hanyuan,24,农产业,中国内地
875,刘金成及家族,Liu Jincheng & family,24,锂电池,中国内地
875,迪恩·梅特珀罗斯,C. Dean Metropoulos,24,投资,美国
875,理查德·佩里,Richard Peery,24,房地产,美国
875,裴振华,Pei Zhenhua,24,电池,中国内地
875,普拉瑟特·普拉萨通-奥索斯,Prasert Prasarttong-Osoth,24,医院,泰国
875,阿尔贝托·罗耶梅斯,Alberto Roemmers,24,医药,阿根廷
875,杰夫·罗斯柴尔德,Jeff Rothschild,24,Facebook,美国
875,维杰·舍卡尔·沙尔玛,Vijay Shekhar Sharma,24,金融科技,印度
908,王燕清及家族,Wang Yanqing & family,23,电气设备,中国内地
908,古斯塔夫·马格纳尔·魏佐,Gustav Magnar Witzoe,23,鱼类养殖,挪威
908,叶澄海及家族,Ye Chenghai & family,23,医药,中国香港
908,罗恩·拜伦,Ron Baron,23,资金管理,美国
908,伊冯·鲍尔,Yvonne Bauer,23,媒体,德国
908,奥托·菲利浦·布劳恩,Otto Philipp Braun,23,医疗技术,德国
908,吉姆·布雷耶,Jim Breyer,23,创投,美国
908,查尔斯·布朗夫曼,Charles Bronfman,23,酒类,加拿大
908,维维克·昌德·博缅,Vivek Chand Burman,23,消费品,印度
908,蔡东晨,Cai Dongchen,23,医药,中国内地
908,程正昌 & 蒋佩琪,Andrew & Peggy Cherng,23,餐饮,美国
908,奥列格·德里帕斯卡,Oleg Deripaska,23,"铝, 公用事业",俄罗斯
908,阿比利奥·多斯桑托斯·迪尼兹,Abilio dos Santos Diniz,23,零售,巴西
908,董凡,Dong Fan,23,医疗器械,中国内地
908,韩昌祐及家族,Chang-Woo Han & family,23,柏青哥机,日本
908,霍滕西亚·赫雷罗,Hortensia Herrero,23,超市,西班牙
908,拉维·斋浦里亚,Ravi Jaipuria,23,软饮料,印度
908,维克托·卡利托宁,Viktor Kharitonin,23,医药,俄罗斯
908,柯特·克里格尔,Kurt Krieger,23,家具零售,德国
908,林敏雄,Lin Ming-hsiung,23,超市,中国台湾
908,刘明辉,Liu Ming Hui,23,天然气分销,中国内地
908,陆正耀,Charles Zhengyao Lu,23,"咖啡连锁, 汽车租赁",中国内地
908,亚历山大·马穆特,Alexander Mamut,23,投资,俄罗斯
908,克莱顿·马蒂尔,Clayton Mathile,23,宠物食品,美国
908,詹姆斯·帕克,James Packer,23,博彩,澳大利亚
908,丹尼尔·普利兹克,Daniel Pritzker,23,"酒店, 投资",美国
908,珍·普利兹克,Jean (Gigi) Pritzker,23,"酒店, 投资",美国
908,斯图尔特·拉赫尔,Stewart Rahr,23,药品分销,美国
908,弗里特·法伊克·萨罕克,Ferit Faik Sahenk,23,多元化经营,土耳其
908,庄佳诚,Jean Salata,23,金融,智利
908,理查德·桑兹,Richard Sands,23,酒类,美国
908,斯蒂芬·史密德海尼,Stephan Schmidheiny,23,投资,瑞士
908,吉尔·舍伍德,Gil Shwed,23,软件,以色列
908,沃伦·史蒂芬斯,Warren Stephens,23,投资银行业,美国
908,彼得·泰尔,Peter Thiel,23,"Facebook, Palantir",美国
908,马克西米利安·菲斯曼,Maximilian Viessmann,23,加热与制冷设备,德国
908,大卫·瓦伦塔斯,David Walentas,23,房地产,美国
945,缪西娅·普拉达,Miuccia Prada,22,奢侈品,意大利
945,沙希·鲁雅和拉维·鲁雅,Shashi & Ravi Ruia,22,多元化经营,印度
945,罗斯利·施魏策尔,Rosely Schweizer,22,消费品,德国
945,帕吉欧·贝尔特利,Patrizio Bertelli,22,奢侈品,意大利
945,布莱恩·谢斯,Brian Sheth,22,投资,美国
945,程一笑,Cheng Yixiao,22,视频流媒体应用,中国内地
945,卡维塔克·拉姆·斯里兰姆,Kavitark Ram Shriram,22,"创投, 谷歌",美国
945,本·切斯纳特,Ben Chestnut,22,电子邮件营销,美国
945,施文博,Sze Man Bok,22,卫生产品,中国内地
945,托德·克里斯托弗,Todd Christopher,22,护发产品,美国
945,邓耀,Tang Yiu,22,时尚零售,中国香港
945,詹姆斯·克拉克,James Clark,22,"Netscape, 投资",美国
945,阿温·蒂古,Arvind Tiku,22,"油气, 投资",印度
945,詹姆斯·迪南,James Dinan,22,对冲基金,美国
945,童锦泉,Tong Jinquan,22,房地产,中国内地
945,比尔吉特·道格拉斯,Bergit Douglas,22,消费品,德国
945,蔡镇宇,T.Y. Tsai,22,金融,中国台湾
945,多丽丝·费舍尔,Doris Fisher,22,Gap,美国
945,科尔茨·沃伦,Kelcy Warren,22,管线,美国
945,亚历山大·涅西斯,Alexander Nesis,22,"金属, 银行业",俄罗斯
945,林赛·福克斯,Lindsay Fox,22,"物流, 房地产",澳大利亚
945,吴少勋,Wu Shaoxun,22,酒类,中国内地
945,高德康及家族,Gao Dekang & family,22,服装,中国内地
945,乔恩·亚伯勒,Jon Yarbrough,22,电子游戏,美国
945,菲利普·吉内斯特,Philippe Ginestet,22,零售店,法国
945,巴里·齐格尔曼,Barry Zekelman,22,钢铁,加拿大
945,米切尔·古德哈,Mitchell Goldhar,22,房地产,加拿大
945,张学政,Zhang Xuezheng,22,电信,中国内地
945,约瑟夫·格林迪斯,Joseph Grendys,22,禽类产品加工,美国
945,左晖,Zuo Hui,22,房地产服务,中国内地
945,汉斯-维尔纳·赫克托,Hans-Werner Hector,22,SAP,德国
945,杰弗里·希尔德布兰德,Jeffery Hildebrand,22,石油,美国
945,黄振达及家族,Huang Zhenda & family,22,建筑施工,中国内地
945,米基·加提亚尼,Micky Jagtiani,22,零售,印度
945,蒋卫平及家族,Jiang Weiping & family,22,化工,中国内地
945,布鲁斯·卡什,Bruce Karsh,22,私募股权,美国
945,吉姆·卡瓦纳夫,Jim Kavanaugh,22,IT提供商,美国
945,丹·库奇伍兹,Dan Kurzius,22,电子邮件营销,美国
945,威廉·劳德,William Lauder,22,雅诗兰黛,美国
945,李振国及家族,Li Zhenguo & family,22,光伏产品,中国内地
945,林耀英,Scott Lin,22,光学组件,中国台湾
945,哈拉尔·林克,Harald Link,22,多元化经营,泰国
945,亚辛·曼苏尔,Yasseen Mansour,22,多元化经营,埃及
945,茅理翔及家族,Mao Lixiang & family,22,厨电,中国内地
945,霍华德·马克斯,Howard Marks,22,私募股权,美国
945,吉勒斯·马丁,Gilles Martin,22,实验室服务,法国
945,塔哈·米卡提,Taha Mikati,22,电信,黎巴嫩
945,法哈德·莫胥礼,Farhad Moshiri,22,多元化经营,英国
945,阿尔弗雷德·厄特克尔,Alfred Oetker,22,消费品,德国
945,奥古斯特·厄特克尔,August Oetker,22,消费品,德国
945,卡尔·斐迪南·厄特克尔,Carl Ferdinand Oetker,22,消费品,德国
945,克里斯汀·厄特克尔,Christian Oetker,22,消费品,德国
945,茱莉亚·厄特克尔,Julia Oetker,22,消费品,德国
945,理查德·厄特克尔,Richard Oetker,22,消费品,德国
945,欧宗荣,Ou Zongrong,22,房地产,中国内地
945,潘伟明,Pan Weiming,22,房地产,中国内地
1001,德米特里·卡门斯契克,Dmitry Kamenshchik,21,机场,俄罗斯
1001,孔健岷,Kong Jian Min,21,房地产,中国内地
1001,郭孔丰,Kuok Khoon Hong,21,棕榈油,新加坡
1001,郭基辉,Adam Kwok,21,房地产,中国香港
1001,海基·科斯提亚,Heikki Kyostila,21,牙科产品,芬兰
1001,斯蒂芬·兰斯当,Stephen Lansdown,21,金融服务,根西
1001,克里斯蒂安·拉杜什,Christian Latouche,21,会计服务,法国
1001,艾琳·劳德,Aerin Lauder,21,化妆品,美国
1001,亨利·劳费尔,Henry Laufer,21,对冲基金,美国
1001,李丐腾,Li Gaiteng,21,吹风机,中国内地
1001,李卫伟,Li Weiwei,21,网络游戏,中国内地
1001,林建华及家族,Lin Jianhua & family,21,太阳能板部件,中国内地
1001,罗立国及家族,Luo Liguo & family,21,化工,中国内地
1001,伊戈尔·马卡洛夫,Igor Makarov,21,投资,俄罗斯
1001,纳吉布·米卡提,Najib Mikati,21,电信,黎巴嫩
1001,阮氏芳邵族,Nguyen Thi Phuong Thao,21,航空公司,越南
1001,胡斯鲁·奥兹耶金,Husnu Ozyegin,21,"金融, 多元化经营",土耳其
1001,阿卜杜拉·弗泰伊姆及家族,Abdulla Al Futtaim & family,21,"汽车经销, 投资",阿联酋
1001,杰伊·保罗,Jay Paul,21,房地产,美国
1001,约翰·阿里拉加,John Arrillaga,21,房地产,美国
1001,李智正,Krit Ratanarak,21,"媒体, 房地产",泰国
1001,比尔·奥斯汀,Bill Austin,21,助听设备,美国
1001,阿列克谢·列皮克,Alexey Repik,21,医药,俄罗斯
1001,苏海勒·巴万,Suhail Bahwan,21,多元化经营,阿曼
1001,菲丽兹·萨罕克,Filiz Sahenk,21,多元化经营,土耳其
1001,侯斯里·巴蒂斯塔,Joesley Batista,21,牛肉加工,巴西
1001,亚历杭德罗·桑托·多明戈,Alejandro Santo Domingo,21,啤酒,美国
1001,卫斯理·巴蒂斯塔,Wesley Batista,21,牛肉包装,巴西
1001,安德烈斯·桑托·多明戈,Andres Santo Domingo,21,啤酒,美国
1001,陈金霞,Chen Jinxia,21,投资,中国内地
1001,伦纳德·施莱弗尔,Leonard Schleifer,21,医药,美国
1001,陈凯旋,Chen Kaixuan,21,家用化学品,中国内地
1001,沈国军,Shen Guojun,21,零售,中国内地
1001,陈学利,Chen Xueli,21,医疗器械,中国内地
1001,唐纳德·特朗普,Donald Trump,21,房地产,美国
1001,池宇峰,Chi Yufeng,21,软件,中国内地
1001,特德·特纳,Ted Turner,21,有线电视,美国
1001,约翰·科茨,John Coates,21,网络博彩,英国
1001,宇野正晃及家族,Masateru Uno & family,21,药妆店,日本
1001,查尔斯·艾德斯坦纳,Charles Edelstenne,21,航空,法国
1001,斯蒂凡·冯·霍兹布林克,Stefan von Holtzbrinck,21,出版,德国
1001,阿尔西奥·埃里阿斯·费尔德曼,Alceu Elias Feldmann,21,肥料,巴西
1001,王希成及家族,Wang Xicheng & family,21,轮胎,中国内地
1001,胡塞·菲力西亚诺,Jose Feliciano,21,私募股权,美国
1001,威廉·扬,William Young,21,塑料,美国
1001,卡洛·费达尼,Carlo Fidani,21,房地产,加拿大
1001,查尔斯·泽加尔,Charles Zegar,21,彭博公司,美国
1001,大卫·费罗,David Filo,21,雅虎,美国
1001,张轩松,Zhang Xuansong,21,超市,中国内地
1001,约翰·费舍尔,John Fisher,21,Gap,美国
1001,张学信及家族,Zhang Xuexin & family,21,铝,中国内地
1001,杰拉尔德·福特,Gerald Ford,21,银行业,美国
1001,赵伟国,Zhao Weiguo,21,IT产品,中国内地
1001,戈登·盖蒂,Gordon Getty,21,Getty Oil,美国
1001,周八斤,Zhou Bajin,21,汽车零件,中国内地
1001,菲利普·格林和克里斯蒂娜·格林,Philip & Cristina Green,21,时尚零售,英国
1001,杰弗里·冈拉克,Jeffrey Gundlach,21,投资,美国
1001,薇诺德·古普塔和阿尼尔·莱伊·古普塔,Vinod & Anil Rai Gupta,21,电气设备,印度
1001,米哈伊尔·古瑟里夫,Mikhail Gutseriev,21,"石油, 房地产",俄罗斯
1001,黄世再,Huang Shih Tsai,21,房地产,中国香港
1001,许连捷,Hui Lin Chit,21,卫生产品,中国内地
1001,迈克尔·乔丹,Michael Jordan,21,"夏洛特黄蜂队, 代言",美国
1063,曹龙祥及家族,Cao Longxiang & family,20,医药,中国内地
1063,小H·罗斯·佩罗,H. Ross Perot Jr,20,房地产,美国
1063,陈华,Chen Hua,20,房地产,中国内地
1063,琳达·普利兹克,Linda Pritzker,20,"酒店, 投资",美国
1063,陈得福,Chen Tei-fu,20,草药产品,中国台湾
1063,罗德尼·萨克斯,Rodney Sacks,20,能量饮料,美国
1063,曹德旺,Cho Tak Wong,20,汽车零件,中国香港
1063,T·丹尼·桑福德,T. Denny Sanford,20,"银行业, 信用卡",美国
1063,德莫特·德斯蒙德,Dermot Desmond,20,金融,爱尔兰
1063,埃里克·塞林,Erik Selin,20,房地产,瑞典
1063,恩尼奥·多瑞斯及家族,Ennio Doris & family,20,金融服务,意大利
1063,沈文荣,Shen Wenrong,20,钢铁生产,中国内地
1063,格伦·杜宾,Glenn Dubin,20,对冲基金,美国
1063,克里·斯托克斯,Kerry Stokes,20,"建筑施工设备, 媒体",澳大利亚
1063,贝达德·艾格巴里,Behdad Eghbali,20,私募股权,美国
1063,康斯坦丁·斯图鲁科夫,Konstantin Strukov,20,"黄金, 煤矿",俄罗斯
1063,丹尼尔·艾克,Daniel Ek,20,Spotify,瑞典
1063,帕特·斯瑞克,Pat Stryker,20,医疗设备,美国
1063,马赛尔·埃尔尼,Marcel Erni,20,私募股权,瑞士
1063,孙广信,Sun Guangxin,20,多元化经营,中国内地
1063,肯尼斯·菲尔德及家族,Kenneth Feld & family,20,现场娱乐活动,美国
1063,亚历山大·斯维塔科夫,Alexander Svetakov,20,房地产,俄罗斯
1063,马科斯·盖尔珀林,Marcos Galperin,20,电商,阿根廷
1063,Hans Sy,Hans Sy,20,多元化经营,菲律宾
1063,阿尔弗雷德·冈特内,Alfred Gantner,20,私募股权,瑞士
1063,Herbert Sy,Herbert Sy,20,多元化经营,菲律宾
1063,亚历山德拉·加拉沃格利亚,Alessandra Garavoglia,20,烈酒,意大利
1063,田明,Tian Ming,20,测量仪器,中国内地
1063,菲奥娜·杰明德,Fiona Geminder,20,制造业,澳大利亚
1063,文森特·维奥拉,Vincent Viola,20,电子交易,美国
1063,耿建明,Geng Jianming,20,房地产,中国内地
1063,罗纳德·威尼克,Ronald Wanek,20,家具,美国
1063,亚历克·戈尔斯,Alec Gores,20,私募股权,美国
1063,乌尔斯·威特里斯巴赫,Urs Wietlisbach,20,私募股权,瑞士
1063,大卫·戈特斯曼,David Gottesman,20,投资,美国
1063,吴光明,Wu Guangming,20,医疗设备,中国内地
1063,亚历山大·格雷顿·巴泰勒,Alexandre Grendene Bartelle,20,鞋类,巴西
1063,艾米·怀斯,Amy Wyss,20,医疗设备,美国
1063,斯泰因·埃里克·哈根,Stein Erik Hagen,20,消费品,挪威
1063,徐传化及家族,Xu Chuanhua & family,20,"化工, 物流",中国内地
1063,卡罗琳·哈根·克约斯,Caroline Hagen Kjos,20,联合大企业,挪威
1063,阎志,Yan Zhi,20,房地产,中国内地
1063,卡洛斯·汉克·罗恩,Carlos Hank Rhon,20,银行业,墨西哥
1063,钟睒睒,Zhong Shanshan,20,"饮料, 医药",中国内地
1063,巴哈·哈里里,Bahaa Hariri,20,"房地产, 投资",黎巴嫩
1063,何朝曦,He Zhaoxi,20,软件,中国内地
1063,斯坦利·哈伯德,Stanley Hubbard,20,DirecTV,美国
1063,季琦,Ji Qi,20,"酒店, 汽车旅馆",中国内地
1063,维诺德·科斯拉,Vinod Khosla,20,创投,美国
1063,郭基浩,Jonathan Kwok,20,房地产,中国香港
1063,刘炽平,Martin Lau,20,电商,中国香港
1063,托马斯·李,Thomas Lee,20,私募股权,美国
1063,迈克尔·理钦,Michael Lee-Chin,20,共同基金,加拿大
1063,李平,Li Ping,20,电池,中国香港
1063,李永新及家族,Li Yongxin & family,20,教育,中国内地
1063,林国泰,Lim Kok Thay,20,博彩,马来西亚
1063,Lin Chang Su-O,Lin Chang Su-O,20,房地产,中国台湾
1063,林印孙,Lin Yinsun,20,农产业,中国内地
1063,S·丹尼尔·亚伯拉罕,S. Daniel Abraham,20,Slim-Fast,美国
1063,马志玲,Rudy Ma,20,金融,中国台湾
1063,约翰·阿米塔奇,John Armitage,20,对冲基金,爱尔兰
1063,汉斯·梅尔彻斯,Hans Melchers,20,"化工, 投资",荷兰
1063,卡罗尔·詹金斯·巴奈特,Carol Jenkins Barnett,20,Publix 超市,美国
1063,豪尔赫·莫尔·菲尔霍,Jorge Moll Filho,20,医院,巴西
1063,库斯·拜克尔,Koos Bekker,20,"媒体, 投资",南非
1063,佩德罗·莫雷拉·萨勒斯,Pedro Moreira Salles,20,"银行业, 矿业",巴西
1063,朱丽安娜·贝纳通,Giuliana Benetton,20,"时尚零售, 投资",意大利
1063,大卫·默多克,David Murdock,20,"Dole, 房地产",美国
1063,卢西亚诺·贝纳通,Luciano Benetton,20,"时尚零售, 投资",意大利
1063,卡瑟丽娜·奥托-本斯坦,Katharina Otto-Bernstein,20,房地产,德国
1063,托尔·比约哥夫森,Thor Bjorgolfsson,20,投资,冰岛
1063,马杜卡·帕拉克,Madhukar Parekh,20,粘合剂,印度
1135,拉克什·金君瓦拉,Rakesh Jhunjhunwala,19,投资,印度
1135,兰德尔·J·柯克,Randal J. Kirk,19,医药,美国
1135,Forrest Li,Forrest Li,19,游戏,新加坡
1135,李国强,Li Guoqiang,19,汽车经销店,中国内地
1135,梁允超,Liang Yunchao,19,营养品,中国内地
1135,罗康瑞,Vincent Lo,19,房地产,中国香港
1135,前泽友作,Yusaku Maezawa,19,网络零售,日本
1135,优素福·曼苏尔,Youssef Mansour,19,多元化经营,埃及
1135,厄米里奥·佩雷拉·德莫拉埃斯,Ermirio Pereira de Moraes,19,多元化经营,巴西
1135,玛丽亚·海伦娜·莫拉埃斯·斯克利皮利蒂,Maria Helena Moraes Scripilliti,19,多元化经营,巴西
1135,费尔南多·罗伯托·莫雷拉·萨勒斯,Fernando Roberto Moreira Salles,19,"银行业, 矿业",巴西
1135,若奥·莫雷拉·萨勒斯,Joao Moreira Salles,19,"银行业, 矿业",巴西
1135,小华尔特·莫雷拉·萨勒斯,Walther Moreira Salles Junior,19,"银行业, 矿业",巴西
1135,鲍比·墨菲,Bobby Murphy,19,Snapchat,美国
1135,N.R.纳拉亚纳·穆尔蒂,N.R. Narayana Murthy,19,软件服务,印度
1135,里沙德·瑙鲁吉,Rishad Naoroji,19,消费品,印度
1135,乔治·佩雷斯,Jorge Perez,19,房地产,美国
1135,詹妮弗·普利兹克,Jennifer Pritzker,19,"酒店, 投资",美国
1135,尼古拉斯·普利兹克,Nicholas Pritzker,19,"酒店, 投资",美国
1135,J.乔·里基茨,J. Joe Ricketts & family,19,TD Ameritrade,美国
1135,拉里·罗宾斯,Larry Robbins,19,对冲基金,美国
1135,阮水龙及家族,Ruan Shuilong & family,19,化工,中国内地
1135,卡洛斯·桑切斯,Carlos Sanchez,19,仿制药,巴西
1135,胡塞·若奥·阿布达拉·菲尔霍,Jose Joao Abdalla Filho,19,投资,巴西
1135,希尔顿·施勒斯伯格,Hilton Schlosberg,19,能量饮料,英国
1135,乔治·阿吉罗斯及家族,George Argyros & family,19,"房地产, 投资",美国
1135,克劳斯-彼得·舒伦伯格,Klaus-Peter Schulenberg,19,票务服务,德国
1135,锡德·巴斯,Sid Bass,19,"石油, 投资",美国
1135,苏海文,Helmut Sohmen,19,航运,奥地利
1135,米莉亚姆·鲍曼·布劳赫,Miriam Baumann-Blocher,19,化工,瑞士
1135,埃文·斯皮格尔,Evan Spiegel,19,Snapchat,美国
1135,赖利·贝克特尔及家族,Riley Bechtel & family,19,"工程, 建筑施工",美国
1135,泽西·斯塔拉克,Jerzy Starak,19,医药,波兰
1135,小斯蒂芬·贝克特尔,Stephen Bechtel Jr,19,"工程, 建筑施工",美国
1135,西比尔·史托斯,Sybill Storz,19,医疗器械,德国
1135,尼克·卡普莱拉,Nick Caporella,19,饮料,美国
1135,西尔维娅·斯多赫,Sylvia Stroeher,19,化妆品,德国
1135,朱林瑶,Chu Lam Yiu,19,香精香料,中国香港
1135,Harley Sy,Harley Sy,19,多元化经营,菲律宾
1135,斯米塔·克里什纳·戈德瑞吉,Smita Crishna-Godrej,19,消费品,印度
1135,Henry Sy Jr,Henry Sy Jr,19,多元化经营,菲律宾
1135,约瑟·路易斯·库特拉莱,Jose Luis Cutrale,19,橙汁,巴西
1135,吴聪满,Andrew Tan,19,多元化经营,菲律宾
1135,玛丽亚·弗兰卡·菲索罗,Maria Franca Fissolo,19,"Nutella, 巧克力",意大利
1135,迈克尔·托内尔,Michael Tojner,19,"电池, 投资",奥地利
1135,布鲁斯·弗拉特,Bruce Flatt,19,资金管理,加拿大
1135,格奥尔格·冯·欧佩尔,Georg von Opel,19,"房地产, 投资",瑞士
1135,方润华,Fong Yun Wah,19,房地产,中国香港
1135,王超斌,Wang Chaobin,19,房地产,中国内地
1135,阿迪·戈德瑞吉,Adi Godrej,19,消费品,印度
1135,胡应湘,Gordon Wu,19,房地产,中国香港
1135,贾姆希德·戈德瑞吉,Jamshyd Godrej,19,消费品,印度
1135,邬建树,Wu Jianshu,19,汽车零件,中国香港
1135,纳迪尔·戈德瑞吉,Nadir Godrej,19,消费品,印度
1135,吴绪顺及家族,Wu Xushun & family,19,"互联网, 汽车零件",中国内地
1135,苏亚特·甘赛尔,Suat Gunsel,19,"房地产, 教育",塞浦路斯
1135,加夫里尔·乌希瓦厄夫,Gavril Yushvaev,19,"贵金属, 房地产",俄罗斯
1135,洪浩,Hao Hong,19,医药,美国
1135,曾开天,Zeng Kaitian,19,网络游戏,中国内地
1135,古德伦·海涅,Gudrun Heine,19,医疗器械,德国
1135,许健康,Hoi Kin Hong,19,房地产,中国澳门
1196,李·巴斯,Lee Bass,18,"石油, 投资",美国
1196,任建华,Ren Jianhua,18,厨电,中国内地
1196,托马兹·比埃纳季,Tomasz Biernacki,18,超市,波兰
1196,雷莫·鲁菲尼,Remo Ruffini,18,冬装,意大利
1196,约瑟夫·博库瓦及家族,Josef Boquoi & family,18,冷冻食品,德国
1196,罗伯特·桑兹,Robert Sands,18,酒类,美国
1196,胡里奥·波扎诺,Julio Bozano,18,银行业,巴西
1196,克里斯蒂安妮·舍勒,Christiane Schoeller,18,出版,德国
1196,阿南德·博缅,Anand Burman,18,消费品,印度
1196,他信·西那瓦,Thaksin Shinawatra,18,投资,泰国
1196,弗朗西斯科·加埃塔诺·卡尔塔吉龙,Francesco Gaetano Caltagirone,18,"水泥, 多元化经营",意大利
1196,吴笙福,Martua Sitorus,18,棕榈油,印尼
1196,陈文源及家族,Chen Wenyuan & family,18,测试设备,中国内地
1196,亨利·斯维卡,Henry Swieca,18,对冲基金,美国
1196,玛丽亚·德皮诺·卡尔沃-索特洛,Maria Del Pino y Calvo-Sotelo,18,建筑施工,西班牙
1196,Teresita Sy-Coson,Teresita Sy-Coson,18,多元化经营,菲律宾
1196,罗伯特·杜根,Robert Duggan,18,医药,美国
1196,彼得·舒尔泽斯基,Peter Szulczewski,18,电商,加拿大
1196,詹姆斯·弗朗斯,James France,18,"Nascar, 赛车",美国
1196,丽娜·特瓦里,Leena Tewari,18,医药,印度
1196,彼得·吉尔根,Peter Gilgan,18,住房建设,加拿大
1196,洛蒂·塔姆及家族,Lottie Tham & family,18,H&M,瑞典
1196,塞纳帕西·戈帕拉克里什南,Senapathy Gopalakrishnan,18,软件服务,印度
1196,克莱门斯·滕尼斯及家族,Clemens Toennies & family,18,肉类加工,德国
1196,彼得·葛洛格,Peter Grogg,18,生物化工,瑞士
1196,罗伯特·滕尼斯,Robert Toennies,18,肉类加工,德国
1196,顾玉华及家族,Gu Yuhua & family,18,家具,中国内地
1196,托比约恩·托恩奎斯特,Torbjorn Tornqvist,18,石油交易,瑞典
1196,里德·霍夫曼,Reid Hoffman,18,LinkedIn,美国
1196,哈麦迪·乌鲁卡亚,Hamdi Ulukaya,18,希腊酸奶,土耳其
1196,黄巧灵,Huang Qiaoling,18,主题公园,中国内地
1196,托德·瓦格纳,Todd Wagner,18,网络媒体,美国
1196,金泽辰,Kim Taek-jin,18,网络游戏,韩国
1196,魏应交,Wei Ying-Chiao,18,"食品, 饮料",中国台湾
1196,弗里德里希·克纳普,Friedrich Knapp,18,时尚零售,德国
1196,埃文·威廉姆斯,Evan Williams,18,Twitter,美国
1196,吴冠江,Wu Guanjiang,18,医药,中国内地
1196,郭炳江,Thomas Kwok,18,房地产,中国香港
1196,吴忌寒,Jihan Wu,18,加密货币矿机芯片,中国内地
1196,马克·拉斯里,Marc Lasry,18,对冲基金,美国
1196,熊武,Xiong Wu,18,软件,中国内地
1196,李贤义,Lee Yin Yee,18,玻璃,中国内地
1196,薛华,Xue Hua,18,农产业,中国内地
1196,李洪信及家族,Li Hongxin & family,18,纸业 & 相关产品,中国内地
1196,杨剑,Yang Jian,18,房地产,中国内地
1196,李力,Li Li,18,医疗保健,中国内地
1196,叶小平,Ye Xiaoping,18,医药,中国内地
1196,励民,Li Min,18,半导体,中国内地
1196,张志祥,Zhang Zhixiang,18,钢铁,中国内地
1196,林荣福,Peter Lim,18,投资,新加坡
1196,赵涛,Zhao Tao,18,医药,新加坡
1196,林凡连,Lin Fanlian,18,"能源, 房地产",中国内地
1196,尤里·科瓦尔恰克,Yuri Kovalchuk,18,"银行业, 保险",俄罗斯
1196,曼加尔·普拉巴特·罗哈,Mangal Prabhat Lodha,18,房地产,印度
1196,若昂·罗伯托·马里尼奥,Joao Roberto Marinho,18,媒体,巴西
1196,何塞·罗伯托·马里尼奥,Jose Roberto Marinho,18,媒体,巴西
1196,罗伯托·伊利内乌·马里尼奥,Roberto Irineu Marinho,18,媒体,巴西
1196,克雷格·麦考,Craig McCaw,18,电信,美国
1196,文森特·麦克曼,Vincent McMahon,18,娱乐,美国
1196,缪寿良,Miao Shouliang,18,房地产,中国内地
1196,罗伯特·米勒,Robert Miller,18,电子部件,加拿大
1196,汤姆·莫里斯,Tom Morris,18,零售,英国
1196,大卫·纳哈迈德,David Nahmad,18,艺术收藏,摩纳哥
1196,乔纳森·尼尔森,Jonathan Nelson,18,私募股权,美国
1196,维卡斯·奥拜瑞,Vikas Oberoi,18,房地产,印度
1196,托马斯·奥利维欧·洛佩兹,Tomas Olivo Lopez,18,购物中心,西班牙
1196,潘来灿,Pan Laican,18,酱油,中国内地
1196,安德烈·安德烈夫,Andrey Andreev,18,在线约会,英国
1196,迪米特里·潘比安斯基,Dmitry Pumpyansky,18,钢管,俄罗斯
1196,爱德华·巴斯,Edward Bass,18,"石油, 投资",美国
1196,比优·拉文德兰,Byju Raveendran,18,教育科技,印度
1267,耿殿根,Geng Diangen,17,互联网,中国内地
1267,陈永栽,Lucio Tan,17,多元化经营,菲律宾
1267,克里斯多夫·高尔德斯伯里,Christopher Goldsbury,17,辣番茄酱,美国
1267,陈觉中及家族,Tony Tan Caktiong & family,17,食品,菲律宾
1267,托尔施泰因·哈根,Torstein Hagen,17,邮轮,挪威
1267,威猜·桑坦,Wichai Thongtang,17,投资,泰国
1267,大卫·海恩斯,David Hains,17,投资,澳大利亚
1267,路易西亚·海伦那·塔拉加诺,Luiza Helena Trajano,17,零售连锁,巴西
1267,罗伯托·赫尔南德兹·拉米雷斯,Roberto Hernandez Ramirez,17,银行业,墨西哥
1267,王文彪,Wang Wenbiao,17,"天然气, 肥料",中国内地
1267,艾伦·霍华德,Alan Howard,17,对冲基金,英国
1267,夏洛特·科尔克特·韦伯,Charlotte Colket Weber,17,金宝汤,美国
1267,曼努埃尔·约夫,Manuel Jove,17,房地产,西班牙
1267,大卫·韦特海默,David Wertheim,17,可口可乐以色列,以色列
1267,巴巴·卡利亚尼,Baba Kalyani,17,工程,印度
1267,尤小平,You Xiaoping,17,"化工, 氨纶纤维",中国内地
1267,黄创山,Keeree Kanjanapas,17,交通运输,泰国
1267,俞培俤,Yu Peidi,17,房地产,中国香港
1267,穆斯塔法·库库克,Mustafa Kucuk,17,时尚零售,土耳其
1267,多米尼卡·库奇科,Dominika Kulczyk,17,多元化经营,波兰
1267,赖建法,Lai Jianfa,17,快递,中国内地
1267,赖建平,Lai Jianping,17,酱油,中国内地
1267,安东尼·兰利,Anthony Langley,17,制造业,英国
1267,刘子君,Lau Cho Kun,17,"棕榈油, 房地产",马来西亚
1267,吉米·约翰.利奥托德,Jimmy John Liautaud,17,三明治连锁店,美国
1267,大卫·利希滕斯坦,David Lichtenstein,17,房地产,美国
1267,刘自鸿,Bill Liu,17,电子,中国内地
1267,陆地,Lu Di,17,无人机,中国内地
1267,萨米尔·梅塔,Samir Mehta,17,"医药, 电力",印度
1267,苏迪尔·梅塔,Sudhir Mehta,17,"医药, 电力",印度
1267,缪汉根,Miao Hangen,17,"纺织品, 石化",中国内地
1267,苗拥军,Miao Yongjun,17,临床诊断,中国内地
1267,加里·迈克逊,Gary Michelson,17,医疗专利,美国
1267,盖尔·米勒,Gail Miller,17,汽车经销店,美国
1267,瓦季姆·莫什科维奇,Vadim Moshkovich,17,"农业, 土地",俄罗斯
1267,罗贝托·安宾,Roberto Ongpin,17,多元化经营,菲律宾
1267,阿拉斯·阿加拉罗夫,Aras Agalarov,17,房地产,俄罗斯
1267,马伦·奥托,Maren Otto,17,"零售, 房地产",德国
1267,莱斯利·亚历山大,Leslie Alexander,17,体育队,美国
1267,尼哈特·奥兹德米尔,Nihat Ozdemir,17,多元化经营,土耳其
1267,迈克尔·阿什克罗夫特,Michael Ashcroft,17,安保,英国
1267,李晓明及家族,Paul Xiaoming Lee & family,17,包装,美国
1267,塞扎·巴卡克希兹,Sezai Bacaksiz,17,多元化经营,土耳其
1267,格莱戈里奥·佩雷斯·康帕尼克,Gregorio Perez Companc,17,油气,阿根廷
1267,安尼尔·布斯里,Aneel Bhusri,17,商业软件,美国
1267,阿贾伊·皮拉马尔,Ajay Piramal,17,医药,印度
1267,安德烈·博卡列夫,Andrei Bokarev,17,"金属, 矿业",俄罗斯
1267,胡利奥·庞塞·勒鲁,Julio Ponce Lerou,17,肥料,智利
1267,蒂莫西·博伊尔,Timothy Boyle,17,Columbia 体育服饰,美国
1267,玛韩德拉·普拉萨德,Mahendra Prasad,17,医药,印度
1267,加勒特·坎普,Garrett Camp,17,优步,加拿大
1267,菲利普·T（特里）·拉根,Phillip T. (Terry) Ragon,17,健康IT,美国
1267,陈世卿,Tony Chen,17,电子,中国台湾
1267,李文正及家族,Mochtar Riady & family,17,多元化经营,印尼
1267,陈永泰,Chen Yung-tai,17,房地产,中国台湾
1267,布莱恩·罗伯茨,Brian Roberts,17,康卡斯特,美国
1267,马克·库姆斯,Mark Coombs,17,金融,英国
1267,谢尔·英奇·罗克,Kjell Inge Rokke,17,"航运, 海鲜",挪威
1267,雷伊·戴维斯,Ray Davis,17,管线,美国
1267,卡尔·舍费尔三世及家族,Karl Scheufele III & family,17,首饰,瑞士
1267,约翰·德·莫尔,John de Mol,17,电视节目,荷兰
1267,维维克·昌德·赛加尔,Vivek Chaand Sehgal,17,汽车零件,澳大利亚
1267,阿利奥索·安德雷德·法利亚,Aloysio de Andrade Faria,17,银行业,巴西
1267,申昌济,Shin Chang-jae,17,保险,韩国
1267,迈克尔·费德曼及家族,Michael Federmann & family,17,"防务, 酒店",以色列
1267,宋作文,Song Zuowen,17,"铝, 多元化经营",中国内地
1267,傅光明及家族,Fu Guangming & family,17,禽类,中国内地
1267,杰弗里·泰尔彭斯,Jeffrey Talpins,17,对冲基金,美国
1335,蒋业华及家族,Jiang Yehua & family,16,房地产,中国内地
1335,吴仲毅,Wu Zhongyi,16,电子,中国内地
1335,徐旭东及家族,Xu Xudong & family,16,汽车零件,中国内地
1335,金磊,Jin Lei,16,医药,中国内地
1335,易贤忠及家族,Yi Xianzhong & family,16,医药,中国内地
1335,亚历山大·基里亚钦,Alexander Klyachin,16,房地产,俄罗斯
1335,喻渭蛟,Yu Huijiao,16,快递,中国内地
1335,林刚,Lam Kong,16,医药,中国内地
1335,李重根,Lee Joong-keun,16,"建筑施工, 房地产",韩国
1335,李锂,Li Li,16,医药,中国内地
1335,李卫国,Li Weiguo,16,建材,中国内地
1335,梁丰,Liang Feng,16,制造业,中国内地
1335,Lin Chen-hai,Lin Chen-hai,16,房地产,中国台湾
1335,赛玛哈特·塞维姆·阿塞尔,Semahat Sevim Arsel,16,多元化经营,土耳其
1335,林志军,Lin Zhijun,16,医疗器械,中国内地
1335,安吉拉·贝内特,Angela Bennett,16,矿业,澳大利亚
1335,林志雄及家族,Lin Zhixiong & family,16,医疗器械,中国内地
1335,O.弗朗西斯·比昂迪,O. Francis Biondi,16,对冲基金,美国
1335,凯瑟琳·洛奇克,Catherine Lozick,16,阀门制造业,美国
1335,约翰·布劳尔,John Bloor,16,"房地产, 制造业",英国
1335,卡兰尼施·马兰,Kalanithi Maran,16,媒体,印度
1335,J·亚特·布朗,J. Hyatt Brown,16,保险,美国
1335,哈施·马里瓦拉,Harsh Mariwala,16,消费品,印度
1335,托马斯·布鲁赫及家族,Thomas Bruch & family,16,零售,德国
1335,罗马诺·弥诺兹,Romano Minozzi,16,"公用事业, 多元化经营",意大利
1335,查克·布恩德兰特,Chuck Bundrant,16,渔业,美国
1335,查尔斯·芒格,Charles Munger,16,伯克希尔哈撒韦,美国
1335,赫布·钱伯斯,Herb Chambers,16,汽车经销店,美国
1335,南存辉,Nan Cunhui,16,电力设备,中国内地
1335,陈湖文,Chen Huwen,16,文具,中国内地
1335,纳尔逊·佩尔茨,Nelson Peltz,16,投资,美国
1335,陈立英,Chen Liying,16,快递,中国内地
1335,马库斯·泊松,Markus Persson,16,计算机游戏,瑞典
1335,陈智松,Chen Zhisong,16,通讯设备,中国内地
1335,坎迪多·皮埃罗·克兰德·利马,Candido Pinheiro Koren de Lima,16,"医院, 健康保险",巴西
1335,谢吉（音）,Kiat Chiaravanont,16,多元化经营,泰国
1335,P.P.雷迪,P.P. Reddy,16,基础设施,印度
1335,郑义宣,Chung Eui-sun,16,现代,韩国
1335,P.V.科什纳·雷迪,P.V.Krishna Reddy,16,基础设施,印度
1335,杰克·考因,Jack Cowin,16,快餐,澳大利亚
1335,马提亚斯·莱因哈特,Matthias Reinhart,16,金融,瑞士
1335,路奇·克雷莫尼尼及家族,Luigi Cremonini & family,16,肉类加工,意大利
1335,查德·里奇森,Chad Richison,16,工资处理,美国
1335,小爱德华·德巴特罗,Edward DeBartolo Jr,16,购物中心,美国
1335,伊万·萨维迪斯,Ivan Savvidis,16,农产业,俄罗斯
1335,安东尼奥·德瓦勒·鲁伊斯及家族,Antonio Del Valle Ruiz & family,16,化工,墨西哥
1335,玛丽亚-伊丽莎白·舍弗勒-图曼,Maria-Elisabeth Schaeffler-Thumann,16,汽车零件,德国
1335,邓文,Deng Wen,16,调味品,中国内地
1335,安东尼奥·路易斯·塞亚布拉,Antonio Luiz Seabra,16,化妆品,巴西
1335,穆罕默德·德沃基,Mohammed Dewji,16,多元化经营,坦桑尼亚
1335,马丁·塞利格,Martin Selig,16,房地产,美国
1335,卡尔·道格拉斯,Carl Douglas,16,投资,瑞典
1335,尤里·谢夫勒,Yuri Shefler,16,酒精,俄罗斯
1335,埃里克·道格拉斯,Eric Douglas,16,投资,瑞典
1335,沈南鹏,Neil Shen,16,创投,中国香港
1335,阿尔弗雷多·艾吉迪奥·阿鲁达·维莱拉·菲尔霍,Alfredo Egydio Arruda Villela Filho,16,银行业,巴西
1335,许文龙,Shi Wen-long,16,塑料,中国台湾
1335,沃尔特·法利亚,Walter Faria,16,啤酒,巴西
1335,叶夫根尼·什维德勒,Evgeny (Eugene) Shvidler,16,"油气, 投资",美国
1335,克莱门特·法亚及家族,Clement Fayat & family,16,建筑施工,法国
1335,彼得·松达,Peter Sondakh,16,投资,印尼
1335,伯纳德·弗雷斯,Bernard Fraisse,16,医药,法国
1335,托马斯·斯泰尔,Thomas Steyer,16,对冲基金,美国
1335,瓦伦丁·加蓬赛夫及家族,Valentin Gapontsev & family,16,激光,美国
1335,Elizabeth Sy,Elizabeth Sy,16,多元化经营,菲律宾
1335,魏成辉,Sam Goi,16,冷冻食品,新加坡
1335,奥列格·京科夫,Oleg Tinkov,16,银行业,俄罗斯
1335,谢尔盖·戈尔德夫,Sergei Gordeev,16,房地产,俄罗斯
1335,苏尼尔·瓦斯瓦尼,Sunil Vaswani,16,多元化经营,英国
1335,施梅尔·哈莱普,Shmuel Harlap,16,汽车,以色列
1335,桑德罗·维罗尼斯及家族,Sandro Veronesi & family,16,时尚,意大利
1335,比尔·哈斯拉姆,Bill Haslam,16,加油站,美国
1335,吉滕德拉·弗瓦尼,Jitendra Virwani,16,房地产,印度
1335,布莱恩·希金斯,Brian Higgins,16,对冲基金,美国
1335,王长田,Wang Changtian,16,"电视, 电影制作",中国内地
1335,J.汤姆林森·希尔,J. Tomilson Hill,16,投资,美国
1335,安东尼·伍德,Anthony Wood,16,Roku,美国
1335,阿索克·库玛尔·赫然安达尼,Asok Kumar Hiranandani,16,房地产,新加坡
1335,吴羽岚,Wu Yulan,16,医药,中国内地
1335,何猷龙,Lawrence Ho,16,博彩,中国香港
1415,黄伟,Huang Wei,15,房地产,中国内地
1415,魏应行,Wei Yin-Heng,15,"食品, 饮料",中国台湾
1415,黄小芬及家族,Huang Xiaofen & family,15,印刷电路板,中国内地
1415,阿恩·威廉森及家族,Arne Wilhelmsen & family,15,邮轮,挪威
1415,布拉德利·雅各布斯,Bradley Jacobs,15,物流,美国
1415,黄敏利,Wong Man Li,15,家具,中国香港
1415,斯蒂芬·贾里斯罗夫斯基,Stephen Jarislowsky,15,资金管理,加拿大
1415,伊恩·伍德及家族,Ian Wood & family,15,能源服务,英国
1415,马塞尔·亚当斯及家族,Marcel Adams & family,15,房地产,加拿大
1415,贾天将及家族,Jia Tianjiang & family,15,有色金属,中国内地
1415,吴俊保,Wu Junbao,15,教育,中国内地
1415,索姆霍特·阿乎奈,Somphote Ahunai,15,可再生能源,泰国
1415,谢尔盖·卡茨耶夫,Sergei Katsiev,15,"零售, 批发",俄罗斯
1415,吴以岭,Wu Yiling,15,医药,中国内地
1415,哈姆迪·阿金及家族,Hamdi Akin & family,15,多元化经营,土耳其
1415,金秉奏,Michael Kim,15,投资,韩国
1415,夏曙东,Xia Shudong,15,IT服务,中国内地
1415,尼杰尔·奥斯丁,Nigel Austin,15,零售,澳大利亚
1415,赛斯·卡拉曼,Seth Klarman,15,投资,美国
1415,许树根,Xu Shugen,15,"建筑施工, 矿业机械",中国内地
1415,路易斯·贝肯,Louis Bacon,15,对冲基金,美国
1415,穆斯塔法·拉赫米·考克,Mustafa Rahmi Koc,15,多元化经营,土耳其
1415,弗拉基米尔·叶夫图申科夫,Vladimir Yevtushenkov,15,"电信, 投资",俄罗斯
1415,房俊赫,Bang Jun-hyuk,15,网络游戏,韩国
1415,威廉·科赫,William Koch,15,"石油, 投资",美国
1415,俞发祥,Yu Faxiang,15,旅游业，文化产业,中国内地
1415,哈林达帕尔·邦高,Harindarpal Banga,15,大宗商品,印度
1415,辜仲立,Andre Koo Sr,15,金融服务,中国台湾
1415,章燎原,Zhang Liaoyuan,15,食品,中国内地
1415,尼古拉斯·伯格鲁恩,Nicolas Berggruen,15,投资,美国
1415,郭基泓,Christopher Kwok,15,房地产,中国香港
1415,郑树生,Shusheng Zheng,15,电信,中国内地
1415,列昂尼德·博古斯瓦夫斯基,Leonid Boguslavsky,15,创投,俄罗斯
1415,郭颢澧,Edward Kwok,15,房地产,中国香港
1415,周剑,Zhou Jian,15,机器人,中国内地
1415,詹姆斯·雷宁格,James Leininger,15,医疗产品,美国
1415,朱共山,Zhu Gongshan,15,太阳能板材料,中国内地
1415,曹骥,Cao Ji,15,制造业,中国内地
1415,李光宇,Li Guangyu,15,教育,中国内地
1415,朱兴良,Zhu Xingliang,15,建筑施工,中国内地
1415,陈潭庆芬,Chan Tan Ching-fen,15,房地产,中国香港
1415,李良彬,Li Liangbin,15,锂,中国内地
1415,卓军,Zhuo Jun,15,印刷电路板,中国香港
1415,陈发树,Chen Fashu,15,投资,中国内地
1415,黎旭晖,Li Xuhui,15,酱油,中国内地
1415,陈湖雄,Chen Huxiong,15,文具,中国内地
1415,普拉域德·玛哈基司尼,Prayudh Mahagitsiri,15,"咖啡, 航运",泰国
1415,崔泰源,Chey Tae-won,15,"石油, 半导体",韩国
1415,卡特里娜·马丁森,Katarina Martinson,15,投资,瑞典
1415,伊万·切联科,Ivan Chrenko,15,房地产,斯洛伐克
1415,米恩华,Mi Enhua,15,零售,中国内地
1415,雅克·德阿莫斯,Jacques D'Amours,15,零售,加拿大
1415,赫兹·米歇拉,Herz Michaela,15,咖啡,德国
1415,艾哈迈德·卡里克,Ahmet Calik,15,"能源, 银行业",土耳其
1415,科默·达曼,Kommer Damen,15,造船,荷兰
1415,马丁·摩勒·尼尔森,Martin Moller Nielsen,15,航空器租赁,丹麦
1415,安娜·卢西亚·德·马托斯·巴拉托·维莱拉,Ana Lucia de Mattos Barretto Villela,15,银行业,巴西
1415,曼努埃尔·莫罗恩及家族,Manuel Moroun & family,15,交通运输,美国
1415,D.雷尔泊多·德皮诺·卡尔沃-索特洛,D. Leopoldo Del Pino y Calvo-Sotelo,15,建筑施工,西班牙
1415,罗伯特·穆阿瓦德,Robert Mouawad,15,高级首饰,黎巴嫩
1415,斯蒂芬·范伯格,Stephen Feinberg,15,私募股权,美国
1415,以斯拉·纳哈迈德,Ezra Nahmad,15,艺术品,摩纳哥
1415,弗兰克·菲尔蒂塔三世,Frank Fertitta III,15,"博彩, 综合格斗",美国
1415,斯蒂芬·奥尔森,Stefan Olsson,15,多元化经营,瑞典
1415,洛伦索·费尔蒂塔,Lorenzo Fertitta,15,"博彩, 综合格斗",美国
1415,格蕾泰尔·派克,Gretel Packer,15,博彩,澳大利亚
1415,阿贝·费罗迪亚,Abhay Firodia,15,汽车,印度
1415,兰詹·派,Ranjan Pai,15,教育,印度
1415,菲利普·弗罗斯特,Phillip Frost,15,医药,美国
1415,利里奥·帕里索托,Lirio Parisotto,15,投资,巴西
1415,福岛康博,Yasuhiro Fukushima,15,电子游戏,日本
1415,G.拉詹德兰,G Rajendran,15,首饰,印度
1415,马里奥·加贝利,Mario Gabelli,15,资金管理,美国
1415,杰瑞·劳恩斯多夫,Jerry Reinsdorf,15,体育队,美国
1415,罗尔夫·格宁,Rolf Gerling,15,保险,德国
1415,杜克·雷耶斯,Duke Reyes,15,啤酒分销,美国
1415,艾伦·格里,Alan Gerry,15,有线电视,美国
1415,雪莉·桑德伯格,Sheryl Sandberg,15,Facebook,美国
1415,哈什·戈恩卡,Harsh Goenka,15,多元化经营,印度
1415,爱丽丝·舒尔茨,Alice Schwartz,15,生物技术,美国
1415,艾瑟尔·格莱舍,Esther Grether,15,艺术收藏,瑞士
1415,彼得·斯伯林,Peter Sperling,15,教育,美国
1415,比尔·格罗斯,Bill Gross,15,投资,美国
1415,沃纳拉特·唐卡拉瓦昆,Vonnarat Tangkaravakoon,15,"线缆, 漆料",泰国
1415,顾伟,Gu Wei,15,消费电子,中国内地
1415,庄柏唐（音译）及家族,Tran Ba Duong & family,15,汽车,越南
1415,穆罕默德·纳齐夫·居纳尔,Mehmet Nazif Gunal,15,"旅游业, 建筑施工",土耳其
1415,肯尼·特罗特,Kenny Troutt,15,电信,美国
1415,郭梓文,Guo Ziwen,15,房地产,中国内地
1415,Tseng Cheng,Tseng Cheng,15,石化,中国台湾
1415,克里斯蒂安·赫茨,Christian Herz,15,咖啡,德国
1415,约翰·泰森,John Tyson,15,食品加工,美国
1415,奥利昂·欣达维,Orion Hindawi,15,软件,美国
1415,万隆,Wan Long,15,食品,中国内地
1415,斯图尔特·霍热希及家族,Stewart Horejsi & family,15,伯克希尔哈撒韦,美国
1415,魏应州,Wei Ing-Chou,15,"食品, 饮料",中国台湾
1415,徐旭东,Douglas Hsu,15,多元化经营,中国台湾
1415,魏应充,Wei Yin-Chun,15,"食品, 饮料",中国台湾
1513,巴拉特·德赛,Bharat Desai,14,IT 咨询,美国
1513,埃伦·厄兹曼,Eren Ozmen,14,航空航天,美国
1513,贝达·迪特黑尔姆,Beda Diethelm,14,助听设备,瑞士
1513,法提赫·厄兹曼,Fatih Ozmen,14,航空航天,美国
1513,伊莎贝尔·多斯·桑托斯,Isabel dos Santos,14,投资,安哥拉
1513,阿贾伊·帕拉克,Ajay Parekh,14,粘合剂,印度
1513,詹姆斯·达夫,James Duff,14,"轮胎, 多元化经营",美国
1513,纳兰德拉库马尔·帕拉克,Narendrakumar Parekh,14,粘合剂,印度
1513,托马斯·达夫,Thomas Duff,14,"轮胎, 多元化经营",美国
1513,皮埃尔·卡尔·佩拉度,Pierre Karl Péladeau,14,媒体,加拿大
1513,加里·菲戈尔,Gary Fegel,14,"大宗商品, 投资",瑞士
1513,蒲忠杰及家族,Pu Zhongjie & family,14,医疗设备,中国内地
1513,凯西·菲尔茨,Kathy Fields,14,护肤,美国
1513,钱瑛,Qian Ying,14,饲养生猪,中国内地
1513,保罗·福斯特,Paul Foster,14,炼油,美国
1513,仇建平及家族,Qiu Jianping & family,14,手动工具,中国内地
1513,路易斯·弗里亚斯,Luis Frias,14,移动支付,巴西
1513,P.V. 兰姆普拉萨·雷迪,P.V. Ramprasad Reddy,14,医药,印度
1513,傅军,Fu Kwan,14,"房地产, 多元化经营",中国内地
1513,凯蒂·罗丹,Katie Rodan,14,护肤,美国
1513,丹尼斯·吉灵斯,Dennis Gillings,14,药物测试,英国
1513,侯赛因·萨志瓦尼,Hussain Sajwani,14,房地产,阿联酋
1513,塞尔日·戈丹,Serge Godin,14,信息技术,加拿大
1513,卡琳·歇克,Karin Schick,14,信息技术,德国
1513,桑吉夫·戈恩卡,Sanjiv Goenka,14,多元化经营,印度
1513,阿诺特·舒业夫,Arnout Schuijff,14,支付软件,荷兰
1513,苏·格罗斯,Sue Gross,14,投资,美国
1513,邵钦祥,Shao Qinxiang,14,多元化经营,中国内地
1513,麦吉·哈迪·诺克斯,Maggie Hardy Knox,14,建材,美国
1513,普拉查克·唐卡拉瓦昆,Prachak Tangkaravakoon,14,漆料,泰国
1513,大卫·欣达维,David Hindawi,14,软件,美国
1513,大卫·张及家族,David Teoh & family,14,电信,澳大利亚
1513,胡凯军,Hu Kaijun,14,医药,中国内地
1513,乔纳森·蒂施,Jonathan Tisch,14,"保险, NFL球队",美国
1513,威廉·阿克曼,William Ackman,14,对冲基金,美国
1513,W.赫伯特·亨特,W. Herbert Hunt,14,石油,美国
1513,帕维尔·季卡奇,Pavel Tykac,14,煤矿,捷克共和国
1513,法尔哈德·阿克梅多夫,Farkhad Akhmedov,14,投资,俄罗斯
1513,哈尔·杰克曼,Hal Jackman,14,"保险, 投资",加拿大
1513,王剑峰及家族,Wang Jianfeng & family,14,汽车零件,中国内地
1513,穆罕默德·法耶德,Mohamed Al Fayed,14,"零售, 投资",埃及
1513,汉密尔顿·詹姆斯,Hamilton James,14,投资,美国
1513,王吉雷,Wang Jilei,14,物流,中国内地
1513,比尔·阿方德,Bill Alfond,14,鞋类,美国
1513,乔治·约瑟夫,George Joseph,14,保险,美国
1513,王任生,Wang Ren-sheng,14,零售,中国台湾
1513,苏珊·阿方德,Susan Alfond,14,鞋类,美国
1513,斯科特·卡普尼克,Scott Kapnick,14,私募股权,美国
1513,克里斯·万斯特拉斯,Chris Wanstrath,14,软件,美国
1513,特德·阿方德,Ted Alfond,14,鞋类,美国
1513,奥斯曼·吉巴尔,Osman Kibar,14,生物技术,美国
1513,史蒂芬·韦恩,Stephen Winn,14,房地产服务,美国
1513,小赫伯特·艾伦及家族,Herbert Allen Jr & family,14,投资银行业,美国
1513,苏娜·基拉克,Suna Kirac,14,多元化经营,土耳其
1513,伊莲·韦恩,Elaine Wynn,14,"博彩, 酒店",美国
1513,比利·乔·麦库姆斯,Billy Joe (Red) McCombs,14,"房地产, 石油",美国
1513,蔡启文,Ramon Ang,14,多元化经营,菲律宾
1513,廖凯原,Leo Koguan,14,IT提供商,美国
1513,谢嘉,Swift Xie,14,无人机,中国内地
1513,瓦西里·阿尼西莫夫,Vasily Anisimov,14,房地产,俄罗斯
1513,普尤特·孔德拉舍夫,Pyotr Kondrashev,14,投资,俄罗斯
1513,王佳及家族,Jane Yan & family,14,软件,中国内地
1513,菲力克斯·贝克,Felix Baker,14,生物技术,美国
1513,菲利普·拉方特,Philippe Laffont,14,对冲基金,美国
1513,杨贰珠,Yang Erzhu,14,房地产,中国内地
1513,朱利安·贝克,Julian Baker,14,生物技术,美国
1513,曼努埃尔·拉奥·赫尔南德斯,Manuel Lao Hernandez,14,博彩,西班牙
1513,袁富根及家族,Yuan Fugen & family,14,金属加工,中国内地
1513,约翰·必克特,John Bicket,14,传感器系统,美国
1513,路易斯·乐达夫,Louis Le Duff,14,面包房,法国
1513,大卫·扎利克,David Zalik,14,金融科技,美国
1513,毛里齐奥·比利,Maurizio Billi,14,仿制药,巴西
1513,李豪镇,Lee Ho-jin,14,多元化经营,韩国
1513,克雷顿·齐格尔曼,Clayton Zekelman,14,钢铁,加拿大
1513,桑杰特·比斯瓦斯,Sanjit Biswas,14,传感器系统,美国
1513,雷菊芳,Lei Jufang,14,医药,中国内地
1513,张园林,Zhang Yuanlin,14,房地产,中国内地
1513,大卫·布斯,David Booth,14,共同基金,美国
1513,西奥多·莱昂西斯,Theodore Leonsis,14,体育队,美国
1513,彼得·巴克,Peter Buck,14,赛百味三明治,美国
1513,李春安,Li Chunan,14,可再生能源,中国内地
1513,尼古拉·布伊诺夫,Nikolai Buinov,14,油气,俄罗斯
1513,刘克振,K.C. Liu,14,制造业,中国台湾
1513,尼古拉·宝格丽,Nicola Bulgari,14,奢侈品,意大利
1513,阿纳托利·洛玛金,Anatoly Lomakin,14,投资,俄罗斯
1513,罗恩·伯克尔,Ron Burkle,14,"超市, 投资",美国
1513,萨吉特·博缅,Saket Burman,14,消费品,英国
1513,韦利·米歇尔,Willy Michel,14,医疗器械,瑞士
1513,史蒂夫·凯斯,Steve Case,14,AOL,美国
1513,马西莫·莫拉蒂,Massimo Moratti,14,炼油,意大利
1513,比诺德·乔达里,Binod Chaudhary,14,多元化经营,尼泊尔
1513,元谷外志雄,Toshio Motoya,14,酒店,日本
1513,陈慧慧,Vivien Chen,14,房地产,中国香港
1513,帕特里斯·莫特赛比,Patrice Motsepe,14,矿业,南非
1513,小罗伯特·柯依尤托,Robert Coyiuto Jr,14,电力,菲律宾
1513,尤金·默塔,Eugene Murtagh,14,建材,爱尔兰
1513,邓颖忠,Deng Yingzhong,14,纸业,中国内地
1513,马里乌斯·纳赫特,Marius Nacht,14,软件,以色列
1513,诺博特·丹特桑格,Norbert Dentressangle,14,"交通运输, 物流",法国
1513,南丹·尼勒卡尼,Nandan Nilekani,14,软件服务,印度
1613,安娜·玛丽亚·布雷西亚·卡费拉塔,Ana Maria Brescia Cafferata,13,"矿业, 银行业",秘鲁
1613,李坦,Li Tan,13,医药,中国内地
1613,沙姆舍尔·瓦亚利,Shamsheer Vayalil,13,医疗保健,印度
1613,林恩强,Lim Oon Kuin,13,石油交易,新加坡
1613,安娜·卡特丽娜·菲斯曼,Anna Katharina Viessmann,13,加热与制冷设备,德国
1613,保罗·宝格丽,Paolo Bulgari,13,奢侈品,意大利
1613,林伟才,Lim Wee Chai,13,橡胶手套,马来西亚
1613,王俊民,Wang Junmin,13,医药,中国内地
1613,阿米特·博缅,Amit Burman,13,消费品,印度
1613,路易斯·林德,Louise Lindh,13,投资,瑞典
1613,温鹏程及家族,Wen Pengcheng & family,13,农产业,中国内地
1613,赵藤雄,Chao Teng-hsiung,13,房地产,中国台湾
1613,刘亚超,Liu Yachao,13,教育,中国内地
1613,黄光裕及家族,Wong Kwong Yu & family,13,零售,中国内地
1613,程立力,Cheng Lili,13,禽类养殖,中国内地
1613,马飞,Ma Fei,13,电子部件,中国内地
1613,吴凯庭,Wu Kaiting,13,电子,中国香港
1613,秦荣华,Chin Jong Hwa,13,汽车零件,中国台湾
1613,马东敏,Melissa Ma,13,互联网搜索,中国内地
1613,项光明及家族,Xiang Guangming & family,13,废品处理,中国内地
1613,邱达强,Daniel Chiu,13,油气,中国香港
1613,邓肯·麦克米伦,Duncan MacMillan,13,彭博公司,美国
1613,谢菊华及家族,Xie Juhua & family,13,医药,中国内地
1613,图尔加伊·辛内,Turgay Ciner,13,多元化经营,土耳其
1613,莎拉·麦克米伦,Sarah MacMillan,13,嘉吉,美国
1613,Ken Xie,Ken Xie,13,网络安全,美国
1613,杰克·库克维尔,Jack Cockwell,13,"房地产, 私募股权",加拿大
1613,基肖尔·马里瓦拉,Kishore Mariwala,13,消费品,印度
1613,修涞贵,Xiu Laigui,13,医药,中国内地
1613,罗曼·特洛森科,Roman Trotsenko,13,"交通运输, 工程",俄罗斯
1613,吉姆·克兰恩,Jim Crane,13,"物流, 棒球",美国
1613,约翰·马丁,John Martin,13,医药,美国
1613,杨绍鹏,Yang Shaopeng,13,航运,中国内地
1613,布鲁诺·库奇利及家族,Brunello Cucinelli & family,13,时尚,意大利
1613,特伦斯（特里）·马修斯,Terence (Terry) Matthews,13,电信,加拿大
1613,叶成,Ye Cheng,13,联合大企业,中国内地
1613,亚历山大·戴奇,Alexandra Daitch,13,嘉吉,美国
1613,拉奇曼·达斯·米塔尔,Lachhman Das Mittal,13,拖拉机,印度
1613,张克强,Zhang Keqiang,13,房地产,中国内地
1613,索尔·道尔莱拉,Sol Daurella,13,可口可乐,西班牙
1613,马里奥·莫雷蒂·珀莱加托及家族,Mario Moretti Polegato & family,13,鞋类,意大利
1613,张万镇,Zhang Wanzhen,13,电子部件,中国内地
1613,达尔文·迪森,Darwin Deason,13,Xerox,美国
1613,森佳子,Yoshiko Mori,13,房地产,日本
1613,张小娟,Zhang Xiaojuan,13,物流,中国内地
1613,丹尼尔·迪恩斯,Daniel Dines,13,软件,罗马尼亚
1613,克雷格·纽马克,Craig Newmark,13,Craigslist,美国
1613,张轩宁,Zhang Xuanning,13,零售,中国内地
1613,大卫·哈丁,David Harding,13,金融,英国
1613,黄鸿年,Oei Hong Leong,13,投资,新加坡
1613,张茵,Zhang Yin,13,纸业,中国内地
1613,阿依曼·哈里里,Ayman Hariri,13,"建筑施工, 投资",黎巴嫩
1613,冈田和生及家族,Kazuo Okada & family,13,博彩,日本
1613,周成建,Zhou Chengjian,13,时尚零售,中国内地
1613,伊尔卡·赫林,Ilkka Herlin,13,"电梯, 滚梯",芬兰
1613,埃里克·保罗森及家族,Erik Paulsson & family,13,"建筑施工, 房地产",瑞典
1613,朱一明,Zhu Yiming,13,半导体,中国内地
1613,伊洛纳·赫林,Ilona Herlin,13,"电梯, 滚梯",芬兰
1613,维克托·平丘克,Victor Pinchuk,13,"钢管, 多元化经营",乌克兰
1613,安妮塔·扎克,Anita Zucker,13,化工,美国
1613,耐兰詹·赫然安达尼,Niranjan Hiranandani,13,房地产,印度
1613,海洛薇兹·普拉特,Heloise Pratt,13,"制造业, 投资",澳大利亚
1613,洪杰,Hong Jie,13,涂料,中国内地
1613,费尔南多·佑艾格,Fernando Roig,13,超市,西班牙
1613,德鲁·豪斯顿,Drew Houston,13,云存储服务,美国
1613,亚历山大·罗夫特,Alexander Rovt,13,"肥料, 房地产",美国
1613,胡赓熙及家族,Hu Gengxi & family,13,生物医药,中国内地
1613,阮洪良及家族,Ruan Hongliang & family,13,玻璃,中国内地
1613,胡扬忠,Hu Yangzhong,13,科技,中国内地
1613,沙巴什·兰瓦尔,Subhash Runwal,13,房地产,印度
1613,小韦恩·休斯,B. Wayne Hughes Jr,13,存储设施,美国
1613,莉莉·萨夫拉,Lily Safra,13,银行业,摩纳哥
1613,邓晖及家族,Hui Deng & family,13,软件,美国
1613,阿尔瓦罗·塞耶·本德克,Alvaro Saieh Bendeck,13,银行业,智利
1613,黄民奇,Archie Hwang,13,半导体,中国台湾
1613,史蒂芬·萨洛茨,Steven Sarowitz,13,薪酬软件,美国
1613,姜雪飞及家族,Jiang Xuefei & family,13,印刷电路板,中国内地
1613,史玉柱,Shi Yuzhu,13,"网络游戏, 投资",中国内地
1613,亚历山大·卡普,Alexander Karp,13,软件公司,美国
1613,弗拉德·施姆尼斯,Vlad Shmunis,13,云技术,美国
1613,尤金·卡巴斯基,Eugene Kaspersky,13,软件,俄罗斯
1613,阿尔贝托·斯卡迪及家族,Alberto Siccardi & family,13,医疗器械,瑞士
1613,柯希平及家族,Ke Xiping & family,13,投资,中国内地
1613,贾斯温德·辛格及家族,Jasminder Singh & family,13,酒店,英国
1613,安提·阿尼奥-惠利,Antti Aarnio-Wihuri,13,多元化经营,芬兰
1613,西德尼·肯莫,Sidney Kimmel,13,零售,美国
1613,瑞安·史密斯,Ryan Smith,13,云计算,美国
1613,拉然德拉·阿加瓦尔,Rajendra Agarwal,13,医药,印度
1613,吉姆·科赫,Jim Koch,13,啤酒,美国
1613,史蒂芬·史密斯,Stephen Smith,13,金融和投资,加拿大
1613,库塔伊巴·阿尔加尼姆,Kutayba Alghanim,13,多元化经营,科威特
1613,管保强,Koon Poh Keong,13,铝,马来西亚
1613,彼得·斯普勒,Peter Spuhler,13,列车车厢,瑞士
1613,罗伯托·安赫利尼·罗西,Roberto Angelini Rossi,13,"林业, 矿业",智利
1613,迈克尔·克拉斯尼,Michael Krasny,13,零售,美国
1613,露西·斯蒂泽,Lucy Stitzer,13,嘉吉,美国
1613,米卡·安托宁,Mika Anttonen,13,油气,芬兰
1613,塞巴斯蒂安·库奇科,Sebastian Kulczyk,13,多元化经营,波兰
1613,威廉姆·斯通,William Stone,13,软件,美国
1613,卡洛斯·阿迪拉·卢勒,Carlos Ardila Lülle,13,"软饮料, 多元化经营",哥伦比亚
1613,Kwek Leng Peck,Kwek Leng Peck,13,多元化经营,新加坡
1613,彼得·斯托达伦及家族,Petter Stordalen & family,13,酒店,挪威
1613,莱斯利·班贝尔格尔,Lesley Bamberger,13,房地产,荷兰
1613,弗兰克·劳基恩,Frank Laukien,13,科学设备,美国
1613,凯文·斯特罗姆,Kevin Systrom,13,Instagram,美国
1613,伊莲娜·巴图里纳,Elena Baturina,13,"投资, 房地产",俄罗斯
1613,曼弗莱迪·拉法布维利·德奥维多,Manfredi Lefebvre d'Ovidio,13,邮轮,意大利
1613,阿伦·塔拉韦拉,Alain Taravella,13,房地产开发,法国
1613,班瓦里拉尔·宝力,Banwarilal Bawri,13,医药,印度
1613,彼得·莱宾格,Peter Leibinger,13,机器工具,德国
1613,葛达尔里拉尔·宝力,Girdharilal Bawri,13,医药,印度
1613,雷吉娜·莱宾格,Regine Leibinger,13,机器工具,德国
1613,肯尼思·塔奇曼,Kenneth Tuchman,13,外包,美国
1613,威尔姆·贝尔及家族,Wilhelm Beier & family,13,医药,德国
1613,李凤鸾,Li Fengluan,13,"钢铁, 多元化经营",中国内地
1613,桑尼·瓦尔基,Sunny Varkey,13,教育,印度
1613,弗拉基米尔·波格丹诺夫,Vladimir Bogdanov,13,石油,俄罗斯
1730,杰米·戴蒙,Jamie Dimon,12,银行业,美国
1730,卢竑岩,Lu Hongyan,12,网络游戏,中国内地
1730,吴东亮,Thomas Wu,12,金融,中国台湾
1730,鲍里斯·罗滕伯格,Boris Rotenberg,12,"建筑施工, 管道",俄罗斯
1730,安德烈·科索高夫,Andrei Kosogov,12,"石油, 银行业",俄罗斯
1730,丹尼尔·柳别斯基,Daniel Lubetzky,12,零食棒,美国
1730,项光达,Xiang Guangda,12,金属,中国内地
1730,K. 迪内希,K. Dinesh,12,软件服务,印度
1730,阿南德·马欣德拉,Anand Mahindra,12,汽车,印度
1730,许英灼,Xu Yingzhuo,12,农产业,中国内地
1730,钭正刚,Dou Zhenggang,12,"能源, 化工",中国内地
1730,乔治·马库斯,George Marcus,12,房地产,美国
1730,杨铿?,Yang Keng,12,房地产,中国内地
1730,艾格恩·杜班,Egon Durban,12,私募股权,德国
1730,丹尼尔·马特,Daniel Mate,12,"矿业, 大宗商品",西班牙
1730,姚奎章,Yao Kuizhang,12,饮料,中国内地
1730,亚历山大·贾帕里泽,Alexander Dzhaparidze,12,石油服务,俄罗斯
1730,格雷戈·蒙德列,Greg Mondre,12,私募股权,美国
1730,Gang Ye,Gang Ye,12,游戏,新加坡
1730,布伦特·艾克扎西巴西,Bulent Eczacibasi,12,"医药, 多元化经营",土耳其
1730,杰里·莫耶斯,Jerry Moyes,12,交通运输,美国
1730,易大盛,Yi Dasheng,12,联合大企业,中国内地
1730,约瑟夫·埃德尔曼,Joseph Edelman,12,对冲基金,美国
1730,穆荣均,Mu Rongjun,12,电商,中国内地
1730,俞熔,Yu Rong,12,健康,中国内地
1730,鲍勃·艾尔,Bob Ell,12,房地产,澳大利亚
1730,小川贤太郎及家族,Kentaro Ogawa & family,12,餐饮,日本
1730,曾小山及家族,Zeng Xiaoshan & family,12,铝,中国内地
1730,亨利·恩格哈特,Henry Engelhardt,12,保险,美国
1730,阿尔贝托·帕拉奇,Alberto Palatchi,12,婚礼服饰,西班牙
1730,张桂平及家族,Zhang Guiping & family,12,房地产,中国内地
1730,约翰·法伯,John Farber,12,化工,美国
1730,苏西库马尔·帕拉克,Sushilkumar Parekh,12,粘合剂,印度
1730,钟声坚,Zhong Sheng Jian,12,房地产,新加坡
1730,格列布·费季索夫,Gleb Fetisov,12,投资,俄罗斯
1730,弗洛伦蒂诺·佩雷斯,Florentino Perez,12,建筑施工,西班牙
1730,周平及家族,Zhou Ping & family,12,公用事业,中国内地
1730,J.克里斯托夫·弗劳尔斯,J. Christopher Flowers,12,投资,美国
1730,马克·平卡斯,Mark Pincus,12,网络游戏,美国
1730,鲍里斯·金加雷维奇,Boris Zingarevich,12,"纸浆和纸, 多元化经营",俄罗斯
1730,米格尔·弗露克西亚·若赛罗,Miguel Fluxa Rossello,12,酒店,西班牙
1730,安德里亚斯·普勒,Andreas Pohl,12,共同基金,德国
1730,高毅及家族,Gao Yi & family,12,医药,中国内地
1730,小莱恩弗里德· 波尔,Reinfried Pohl Jr,12,共同基金,德国
1730,丹·格特勒,Dan Gertler,12,矿业,以色列
1730,傅志宽,Murdaya Poo,12,多元化经营,印尼
1730,劳伦斯·格罗布,Lawrence Golub,12,私募股权,美国
1730,福利斯特·普勒斯顿,Forrest Preston,12,医疗护理,美国
1730,耶茨·戈罗恩,Jitse Groen,12,食品配送服务,荷兰
1730,汤姆·普雷斯顿·沃纳,Tom Preston-Werner,12,协作软件,美国
1730,Kenneth Hao,Kenneth Hao,12,私募股权,美国
1730,西奥多·拉赫马特,Theodore Rachmat,12,多元化经营,印尼
1730,何小鹏,He Xiaopeng,12,电动汽车,中国内地
1730,安德烈·拉帕波特,Andrei Rappoport,12,投资,俄罗斯
1730,蒂莫西·黑丁顿,Timothy Headington,12,"油气, 投资",美国
1730,任正非,Ren Zhengfei,12,电信设备,中国内地
1730,费萨尔·本·卡西姆·阿勒萨尼,Faisal Bin Qassim Al Thani,12,"酒店, 多元化经营",卡塔尔
1730,克里斯托夫·亨克尔,Christoph Henkel,12,消费品,德国
1730,若奥·阿尔维斯·德奎罗兹·菲尔霍,Joao Alves de Queiroz Filho,12,医药,巴西
1730,胡荣达及家族,Hu Rongda & family,12,化工,中国内地
1730,托马斯·桑德尔,Thomas Sandell,12,对冲基金,瑞典
1730,马克·安德森,Marc Andreessen,12,创投,美国
1730,花轩德及家族,Hua Xuande & family,12,医药,中国内地
1730,阿纳托利·赛迪金,Anatoly Sedykh,12,钢管,俄罗斯
1730,梅米特·艾丁拉,Mehmet Aydinlar,12,医院,土耳其
1730,黄红云及家族,Huang Hongyun & family,12,房地产,中国内地
1730,布哈德里什·沙阿,Bhadresh Shah,12,工程,印度
1730,托马斯·贝利,Thomas Bailey,12,资金管理,美国
1730,黄文仔,Huang Wen Tsai,12,房地产,中国内地
1730,沈财福,Ron Sim,12,零售,新加坡
1730,萨钦·班萨尔,Sachin Bansal,12,flipkart,印度
1730,吉姆·贾斯提斯二世,Jim Justice II,12,煤炭,美国
1730,巴斯迪奥·辛格,Basudeo Singh,12,医药,印度
1730,帕维尔·鲍蒂斯,Pavel Baudis,12,软件,捷克共和国
1730,T.S. 卡利亚纳拉曼,T.S. Kalyanaraman,12,首饰,印度
1730,萨利尔·辛嘉尔,Salil Singhal,12,农业化工,印度
1730,桑杰夫·比克昌丹尼,Sanjeev Bikhchandani,12,互联网,印度
1730,Kim Sang-yeol,Kim Sang-yeol,12,建筑施工,韩国
1730,贾里德·史密斯,Jared Smith,12,云计算,美国
1730,麦克·宾格尔,Mike Bingle,12,私募股权,美国
1730,扎哈尔·斯穆什金,Zakhar Smushkin,12,"纸浆和纸, 多元化经营",俄罗斯
1730,贺南迪·博霍留勃夫,Henadiy Boholyubov,12,"银行业, 投资",乌克兰
1730,赫门德拉·科达利,Hemendra Kothari,12,金融服务,印度
1730,郭桂和,Djoko Susanto,12,超市,印尼
1730,伯纳德·布劳恩·吕迪克,Bernhard Braun-Luedicke,12,医疗技术,德国
1730,郭炳联,Raymond Kwok,12,房地产,中国香港
1730,陈江和,Sukanto Tanoto,12,多元化经营,印尼
1730,伊娃·玛利亚·布劳恩·吕迪克,Eva Maria Braun-Luedicke,12,医疗技术,德国
1730,乔·雅各布,Joe Lacob,12,金州勇士队,美国
1730,吉姆·汤普森,Jim Thompson,12,物流,美国
1730,弗雷德里克·布劳恩·吕迪克,Friederike Braun-Luedicke,12,医疗技术,德国
1730,李富真,Lee Boo-jin,12,三星,韩国
1730,伊翁·提里亚克,Ion Tiriac,12,"银行业, 保险",罗马尼亚
1730,伊丽莎白·博达,Elisabeth Burda,12,出版,德国
1730,尼古拉·勒宾格·凯姆勒,Nicola Leibinger-Kammueller,12,制造业,德国
1730,威尔玛·蒂施,Wilma Tisch,12,多元化经营,美国
1730,雅各布·博达,Jacob Burda,12,出版,德国
1730,沃尔夫冈·莱特纳,Wolfgang Leitner,12,工程,奥地利
1730,托马斯·图尔,Thomas Tull,12,"电影, 投资",美国
1730,张忠谋,Morris Chang,12,半导体,中国台湾
1730,所罗门·卢,Solomon Lew,12,零售,澳大利亚
1730,约翰·凡·利斯豪特,John Van Lieshout,12,房地产,澳大利亚
1730,张平顺,Chang Pyung-soon,12,教育服务,韩国
1730,李家权,Li Jiaquan,12,化工,中国内地
1730,拉得哈·温卜,Radha Vembu,12,科技,印度
1730,程维,Cheng Wei,12,网约车服务,中国内地
1730,李如成,Li Rucheng,12,服装,中国内地
1730,鲁菲诺·比希尔·冈萨雷斯,Rufino Vigil Gonzalez,12,钢铁,墨西哥
1730,程先锋,Cheng Xianfeng,12,医药,中国内地
1730,李晓华及家族,Li Xiaohua & family,12,包装,中国内地
1730,阿卡迪·沃罗兹,Arkady Volozh,12,搜索引擎,俄罗斯
1730,伊冯·乔伊纳德,Yvon Chouinard,12,Patagonia,美国
1730,刘名中,Liu Ming Chung,12,纸业,巴西
1730,兰·沃克,Lang Walker,12,房地产,澳大利亚
1730,朱李月华,Pollyanna Chu,12,金融服务,中国香港
1730,刘晓东,Liu Xiaodong,12,香精香料,中国内地
1730,魏少军,Wei Shaojun,12,房地产,中国内地
1730,桑多·萨尼,Sandor Csanyi,12,"金融, 房地产",匈牙利
1730,刘学景及家族,Liu Xuejing & family,12,"铜, 禽类",中国内地
1730,法里斯·威尔克斯,Farris Wilks,12,天然气,美国
1730,刁志中,Diao Zhizhong,12,软件,中国内地
1851,杜双华,Du Shuanghua,11,钢铁,中国内地
1851,雷震瀛,Brandt Louie,11,药妆店,加拿大
1851,约普·冯·登·安德,Joop van den Ende,11,电视节目,荷兰
1851,刘德光,Low Tuck Kwong,11,煤炭,印尼
1851,维姆·范·德·里戈特,Wim van der Leegte,11,制造业,荷兰
1851,法鲁克·艾克扎西巴西,Faruk Eczacibasi,11,"医药, 多元化经营",土耳其
1851,弗雷德里克·鲁迪,Frederic Luddy,11,软件,美国
1851,穆拉特·瓦尔吉,Murat Vargi,11,电信,土耳其
1851,桑蒂普·安吉尼尔,Sandeep Engineer,11,塑料管道,印度
1851,伦瑞祥及家族,Lun Ruixiang & family,11,房地产,中国内地
1851,马丁·菲斯曼,Martin Viessmann,11,加热与制冷设备,德国
1851,本尼迪克特·芬德,Benedicte Find,11,医疗器械,丹麦
1851,马秀慧,Ma Xiuhui,11,LED照明,中国内地
1851,Shigefumi Wada,Shigefumi Wada,11,软件,日本
1851,保罗·费尔曼,Paul Fireman,11,Reebok,美国
1851,加里·马格尼斯,Gary Magness,11,"有线电视, 投资",美国
1851,托德·威尼克,Todd Wanek,11,家具,美国
1851,唐纳德·福斯,Donald Foss,11,汽车贷款,美国
1851,毛中吾,Mao Zhongwu,11,制造业,中国内地
1851,王秋雄,Wang Chou-hsiong,11,鞋袜,中国台湾
1851,唐纳德·弗里斯,Donald Friese,11,制造业,美国
1851,斯特拉夫·马希依瓦,Strive Masiyiwa,11,电信,津巴布韦
1851,麦伦·温茨,Myron Wentz,11,健康产品,圣基茨和尼维斯
1851,福武总一郎,Soichiro Fukutake,11,教育,日本
1851,特里沃·米尔顿,Trevor Milton,11,电动汽车,美国
1851,理查德·怀特,Richard White,11,软件,澳大利亚
1851,斯蒂法诺·嘉班纳,Stefano Gabbana,11,奢侈品,意大利
1851,阿里斯托德利斯·密斯塔吉迪斯,Aristotelis Mistakidis,11,"矿业, 大宗商品",希腊
1851,丹·威尔克斯,Dan Wilks,11,天然气,美国
1851,弗朗克·毕塔尔·加西亚,Franco Bittar Garcia,11,零售,巴西
1851,穆法特拉杰·穆诺,Mofatraj Munot,11,房地产,印度
1851,黄子欣,Allan Wong,11,电子,中国香港
1851,贾斯滕·格洛克及家族,Gaston Glock & family,11,枪支,奥地利
1851,尼迪·奥萨沙努格拉,Niti Osathanugrah,11,"能量饮料,投资",泰国
1851,吴兰兰及家族,Wu Lanlan & family,11,包装,中国内地
1851,大卫·格鲁布,David Golub,11,私募股权,美国
1851,彭浩,Peng Hao,11,电子,中国内地
1851,吴旭,Wu Xu,11,房地产,圣基茨和尼维斯
1851,帕特里克·翰拉汗,Patrick Hanrahan,11,软件,美国
1851,罗杰·彭斯克,Roger Penske,11,汽车,美国
1851,亚历山德拉·安德烈森,Alexandra Andresen,11,投资,挪威
1851,向文波,Xiang Wenbo,11,制造业,中国内地
1851,法哈德·哈里里,Fahed Hariri,11,"建筑施工, 投资",黎巴嫩
1851,卡尔-约翰·佩尔森,Karl-Johan Persson,11,H&M,瑞典
1851,凯瑟琳娜·安德烈森,Katharina Andresen,11,投资,挪威
1851,谢良志及家族,Xie Liangzhi & family,11,生物技术,中国内地
1851,阿尔弗雷多·哈普·埃卢及家族,Alfredo Harp Helu & family,11,银行业,墨西哥
1851,汤姆·佩尔森,Tom Persson,11,H&M,瑞典
1851,阿查里雅·巴克里希纳,Acharya Balkrishna,11,消费品,印度
1851,许志翰,Xu Zhihan,11,电子,中国内地
1851,卢茨·马里奥·赫尔米西,Lutz Mario Helmig,11,医院,德国
1851,托尔·彼得森,Tor Peterson,11,大宗商品,美国
1851,比尼·班萨尔,Binny Bansal,11,flipkart,印度
1851,乔治·雅克波罗斯,George Yancopoulos,11,医药,美国
1851,侯军呈,Hou Juncheng,11,化妆品,中国内地
1851,凯文·普兰克,Kevin Plank,11,Under Armour,美国
1851,萨摩尔·巴拉塔,Samuel Barata,11,药妆店,巴西
1851,易如波,Yi Rubo,11,房地产,中国内地
1851,胡成中,Hu Chengzhong,11,制造业,中国内地
1851,阿温·珀达尔,Arvind Poddar,11,轮胎,印度
1851,塞布琳娜·贝纳通,Sabrina Benetton,11,"时尚零售, 投资",意大利
1851,袁建栋及家族,Yuan Jiandong & family,11,医药,中国内地
1851,黄关林,Huang Guanlin,11,"纺织品, 服装",中国内地
1851,迈克尔·普莱斯,Michael Price,11,投资,美国
1851,阿尔多·本萨顿,Aldo Bensadoun,11,鞋类,加拿大
1851,小理查德·云灵,Richard Yuengling Jr,11,啤酒,美国
1851,穆罕默德·易卜拉辛,Mohammed Ibrahim,11,通讯,英国
1851,戚金兴,Qi Jinxing,11,房地产,中国内地
1851,扎力克·宾诺,Zadik Bino & family,11,"银行业, 石油",以色列
1851,艾伦·齐格尔曼,Alan Zekelman,11,钢铁,加拿大
1851,托马斯·詹姆斯,Thomas James,11,金融,美国
1851,钱东奇及家族,Qian Dongqi & family,11,家用电器,中国内地
1851,马库斯·布劳彻,Markus Blocher,11,化工,瑞士
1851,郑坚江及家族,Zheng Jianjiang & family,11,电气设备,中国内地
1851,姜银台及家族,Jiang Yintai & family,11,汽车零件,中国内地
1851,米杰特·拉希姆库洛夫,Megdet Rahimkulov,11,投资,俄罗斯
1851,布莱特·布朗迪,Brett Blundy,11,"零售, 农产业",澳大利亚
1851,郑跃文及家族,Zheng Yuewen & family,11,投资,中国内地
1851,理查德·凯恩,Richard Kayne,11,投资,美国
1851,海伦娜·雷沃雷多,Helena Revoredo,11,安保服务,西班牙
1851,迪米特里·波索夫,Dmitry Bosov,11,煤矿,俄罗斯
1851,周宗文及家族,Zhou Zongwen & family,11,首饰,中国内地
1851,Kim Jung-woong,Kim Jung-woong,11,化妆品,韩国
1851,弗朗西斯科·胡塞·里伯拉斯·梅拉,Francisco Jose Riberas Mera,11,"钢铁, 汽车零件",西班牙
1851,奥列格·博伊科,Oleg Boyko,11,多元化经营,俄罗斯
1851,许伟明,Koh Wee Meng,11,"房地产, 酒店",新加坡
1851,胡安·玛利亚·里伯拉斯·梅拉,Juan Maria Riberas Mera,11,钢铁,西班牙
1851,蔡红兵,Cai Hongbin,11,医药,中国内地
1851,具光谟,Koo Kwang-mo,11,LG,韩国
1851,斯蒂芬·鲁宾,Stephen Rubin,11,运动服装,英国
1851,曹积生,Cao Jisheng,11,禽类,中国内地
1851,尤里依·科斯乌克,Yuriy Kosiuk,11,农产业,乌克兰
1851,德尼兹·萨罕克,Deniz Sahenk,11,多元化经营,土耳其
1851,张允中,Chang Yun Chung,11,航运,新加坡
1851,栗和田荣一,Eiichi Kuriwada,11,快递,日本
1851,佐治信忠,Nobutada Saji,11,饮料,日本
1851,谢富年,Jeffrey Cheah,11,房地产,马来西亚
1851,盖伊·拉里伯特,Guy Laliberté,11,太阳马戏团,加拿大
1851,法耶兹·沙罗菲,Fayez Sarofim,11,资金管理,美国
1851,陈奇星,Chen Qixing,11,电子部件,中国内地
1851,李海珍,Lee Hae-jin,11,互联网,韩国
1851,埃拉特·沙伊米耶夫,Airat Shaimiev,11,"炼油厂, 化工",俄罗斯
1851,陈睿,Chen Rui,11,网上娱乐,中国内地
1851,李叙显,Lee Seo-hyun,11,三星,韩国
1851,拉季克·沙伊米耶夫,Radik Shaimiev,11,"炼油厂, 化工",俄罗斯
1851,蔡天宝,Chua Thian Poh,11,房地产,新加坡
1851,马克·雷奥纳德及家族,Mark Leonard & family,11,软件,加拿大
1851,沈亚,Eric Ya Shen,11,网上服装零售,中国内地
1851,阿尔贝托·科尔蒂纳,Alberto Cortina,11,投资,西班牙
1851,南希·勒纳,Nancy Lerner,11,"银行业, 信用卡",美国
1851,沈锡强及家族,Shen Xiqiang & family,11,化工,中国内地
1851,崔根良,Cui Genliang,11,电气部件,中国内地
1851,诺玛·勒纳,Norma Lerner,11,银行业,美国
1851,S.D.施布拉尔,S.D. Shibulal,11,软件服务,印度
1851,戴文军,Dai Wenjun,11,食品,中国内地
1851,兰道夫·勒纳,Randolph Lerner,11,"银行业, 信用卡",美国
1851,列昂尼德·西马诺夫斯基,Leonid Simanovsky,11,投资,俄罗斯
1851,亨利·戴维斯,Henry Davis,11,牛肉加工,美国
1851,弗拉基米尔·列切克夫,Vladimir Leschikov,11,房地产,俄罗斯
1851,夏洛特·索德斯特罗姆,Charlotte Soderstrom,11,H&M,瑞典
1851,佩德罗·德·歌德尔·布埃诺,Pedro de Godoy Bueno,11,健康保险,巴西
1851,伯纳德·里维斯及家族,Bernard Lewis & family,11,时尚零售,英国
1851,迈克尔·斯坦哈特,Michael Steinhardt,11,对冲基金,美国
1851,卡米拉·德·歌德尔·布埃诺·格洛西,Camilla de Godoy Bueno Grossi,11,健康保险,巴西
1851,梁光伟,Liang Guangwei,11,联合大企业,中国内地
1851,安东尼奥·斯特罗恩斯基,Nikolay Storonsky,11,金融科技,俄罗斯
1851,本杰明·罗斯柴尔德,Benjamin de Rothschild,11,银行业,瑞士
1851,梁衍锋及家族,Liang Yanfeng & family,11,房地产,中国内地
1851,维纳柯·苏黎斯迪奥,Winarko Sulistyo,11,纸浆和纸,印尼
1851,迪亚戈·德拉·瓦莱,Diego Della Valle,11,鞋类,意大利
1851,梁昭贤,Liang Zhaoxian,11,电器,中国内地
1851,孙孟全及家族,Sun Mengquan & family,11,食用油,中国内地
1851,赛菲克·亚尔马兹·笛兹达,Sefik Yilmaz Dizdar,11,时尚零售,土耳其
1851,刘革新,Liu Gexin,11,医药,中国内地
1851,孙喜双,Sun Xishuang,11,房地产,中国内地
1851,杜梅尼科· 多尔奇,Domenico Dolce,11,奢侈品,意大利
1851,楼忠福及家族,Lou Zhongfu & family,11,房地产,中国内地
1851,唐金奎及家族,Tang Jinkui & family,11,"纺织品, 石化",中国内地
1851,马利克·多斯皮瓦,Marek Dospiva,11,投资,捷克共和国
1990,GT.德福,GT Dave,10,康普茶,美国
1990,克里斯托弗·卢克斯,Christopher Rokos,10,对冲基金,英国
1990,科斯特扬丁·萨维果,Kostyantin Zhevago,10,矿业,乌克兰
1990,严彬,Chanchai Ruayrungruang,10,房地产,中国内地
1990,周永利及家族,Zhou Yongli & family,10,联合大企业,中国内地
1990,安丁·多安,Aydin Dogan,10,媒体,土耳其
1990,伊戈尔·雷巴科夫,Igor Rybakov,10,建材,俄罗斯
1990,莉莎·得雷克斯迈尔,Lisa Draexlmaier,10,汽车零件,德国
1990,胡里奥·马里奥·桑托·多明戈三世,Julio Mario Santo Domingo III,10,啤酒,美国
1990,杜厦,Du Sha,10,大型超市,中国内地
1990,RJ.斯卡林格,RJ Scaringe,10,电动汽车,美国
1990,卫斯理·艾登斯,Wesley Edens,10,投资,美国
1990,迪特尔·施纳贝尔,Dieter Schnabel,10,化工,德国
1990,范敏华,Fan Minhua,10,医药,中国内地
1990,杰拉尔德·施瓦茨,Gerald Schwartz,10,金融,加拿大
1990,方洪波,Fang Hongbo,10,家用电器,中国内地
1990,尼尔贾·赛提,Neerja Sethi,10,IT咨询，外包,美国
1990,杰弗·格灵,Jeff Green,10,数字广告,美国
1990,米哈伊尔·肖科夫,Mikhail Shelkov,10,钛,俄罗斯
1990,大卫·豪尔,David Hall,10,汽车科技,美国
1990,艾伯特·席加鲍狄诺夫,Albert Shigaboutdinov,10,"炼油厂, 化工",俄罗斯
1990,盖瑞·哈维,Gerry Harvey,10,零售,澳大利亚
1990,斯科特·史密斯,Scott Smith,10,云计算,美国
1990,加洛斯拉夫·哈斯卡克,Jaroslav Hascak,10,投资,斯洛伐克
1990,特里·斯诺,Terry Snow,10,"机场, 房地产",澳大利亚
1990,Ho Hung Anh,Ho Hung Anh,10,"消费品, 银行业",越南
1990,阿克希尔·斯道科斯基,Axel Stawski,10,房地产,美国
1990,弗朗西斯·奥尔代,Francis Holder,10,面包房,法国
1990,谢尔盖·斯图恩尼科夫,Sergei Studennikov,10,"酒类商店, 超市",俄罗斯
1990,许英寅,Hur Young-in,10,"面包房, 快餐",韩国
1990,苏汝波,Su Rubo,10,房地产,中国内地
1990,Jay-Z,Jay-Z,10,多元化经营,美国
1990,鲁斯捷姆·萨尔蒂夫,Rustem Sulteev,10,"炼油厂, 化工",俄罗斯
1990,凯莉·詹娜,Kylie Jenner,10,化妆品,美国
1990,唐岩,Tang Yan,10,社交媒体,中国内地
1990,金惠明,Jin Huiming,10,房地产,中国内地
1990,陶悦群,Tao Yuequn,10,隐形眼镜,中国内地
1990,大卫·卡比勒,David Kabiller,10,投资管理,美国
1990,卡尔·托马,Carl Thoma,10,投资,美国
1990,莫里斯·卡恩,Morris Kahn,10,软件,以色列
1990,劳利·蒂施,Laurie Tisch,10,"保险, NFL球队",美国
1990,乔纳斯·坎普拉德,Jonas Kamprad,10,宜家,瑞典
1990,史蒂芬·蒂施,Steven Tisch,10,保险,美国
1990,马赛亚斯·坎普拉德,Mathias Kamprad,10,宜家,瑞典
1990,托尔斯滕·托勒尔,Torsten Toeller,10,宠物食品,德国
1990,彼得·坎普拉德,Peter Kamprad,10,宜家,瑞典
1990,雅什利·乌拉尔,Jayshree Ullal,10,计算机网络,美国
1990,柯桂华,Ke Guihua,10,汽车零件,中国内地
1990,皮耶特·冯·德·多斯,Pieter van der Does,10,支付软件,荷兰
1990,Bom Kim,Bom Kim,10,网络零售,美国
1990,瓦迪斯·瓦迪诺亚尼斯及家族,Vardis Vardinoyannis & family,10,油气,希腊
1990,阿齐兹 ·阿赫努什及家族,Aziz Akhannouch & family,10,"石油, 多元化经营",摩洛哥
1990,谢尔盖·科列斯尼科夫,Sergei Kolesnikov,10,建材,俄罗斯
1990,克里斯·瓦林,Chris Wallin,10,矿业,澳大利亚
1990,阿尔贝托·阿尔科塞尔,Alberto Alcocer,10,投资,西班牙
1990,伊戈尔·克罗莫伊斯基,Ihor Kolomoyskyy,10,"银行业, 投资",乌克兰
1990,王苗通,Wang Miaotong,10,汽车零件,中国内地
1990,伊萨克·安迪可及家族,Isak Andic & family,10,时尚零售,西班牙
1990,伊戈尔·库得亚辛,Igor Kudryashkin,10,冶金,俄罗斯
1990,王文默,Wang Wenmo,10,运动服装,中国内地
1990,罗伯托·安赫利尼·罗西,Patricia Angelini Rossi,10,"林业, 矿业",智利
1990,赖世贤,Lai Shixian,10,运动服装,中国内地
1990,王言卿,Wang Yanqing,10,碳纤维产品,中国内地
1990,埃德蒙·安森,Edmund Ansin,10,电视,美国
1990,林龙安及家族,Lam Lung On & family,10,房地产,中国内地
1990,王耀海,Wang Yaohai,10,照明,中国内地
1990,布莱恩·阿姆斯特朗,Brian Armstrong,10,加密货币,美国
1990,刘銮鸿,Thomas Lau,10,百货商场,中国香港
1990,桑迪·威尔,Sandy Weill,10,花旗集团,美国
1990,塔琪亚娜·巴卡楚克,Tatyana Bakalchuk,10,电商,俄罗斯
1990,李俊昊,Lee Joon-ho,10,网络游戏,韩国
1990,文一波及家族,Wen Yibo & family,10,废水处理,中国内地
1990,阿卡·贝克里,Achal Bakeri,10,空气制冷,印度
1990,李尚革,Lee Sang-hyuk,10,投资,韩国
1990,黄朝阳,Wong Chiu Yeung,10,房地产,中国内地
1990,安妮·博富尔,Anne Beaufour,10,医药,法国
1990,李仙玉及家族,Li Xianyu & family,10,医药,中国内地
1990,黄康境,Wong Hong King,10,房地产,中国内地
1990,昂利·博富尔,Henri Beaufour,10,医药,法国
1990,约翰·刘,John Liew,10,投资管理,美国
1990,吴崇仪,Wu Chung-yi,10,制造业,中国台湾
1990,林登·布鲁尔,Linden Blue,10,防务,美国
1990,林定强及家族,Lin Dingqiang & family,10,房地产,中国香港
1990,徐其明,Xu Qiming,10,"食品, 艺术品",中国内地
1990,安娜·玛利亚·布劳恩,Anna Maria Braun,10,医疗技术,德国
1990,卢荣富,Lu Rongfu,10,电信,中国内地
1990,徐万茂,Xu Wanmao,10,教育,中国内地
1990,乔安娜·布劳恩,Johanna Braun,10,医疗技术,德国
1990,洛厄尔·米尔肯,Lowell Milken,10,投资,美国
1990,瓦蒂姆·雅库宁,Vadim Yakunin,10,药店,俄罗斯
1990,卡尔·弗里德里希·布劳恩,Karl Friedrich Braun,10,医疗技术,德国
1990,倪祖根,Ni Zugen,10,电器,中国内地
1990,杨浩涌,Mark Haoyong Yang,10,电商,中国内地
1990,路德维希·西奥多·布劳恩,Ludwig Theodor Braun,10,医疗技术,德国
1990,西蒙·尼克森,Simon Nixon,10,比价网站,英国
1990,叶琼玖,Ye Qiongjiu,10,软件,中国内地
1990,爱德华·卡米尼亚克,Edouard Carmignac,10,资产管理,法国
1990,朴炫柱,Park Hyeon-joo,10,共同基金,韩国
1990,俞其兵及家族,Yu Qibing & family,10,玻璃,中国内地
1990,陈卓林,Chen Zhuolin,10,房地产,中国内地
1990,大卫·保罗,David Paul,10,医疗器械,美国
1990,张玉祥及家族,Zhang Yuxiang & family,10,服装,中国内地
1990,爱德华·楚克勒波夫,Eduard Chukhlebov,10,冶金,俄罗斯
1990,安东尼奥·波卡希,Antonio Percassi,10,"房地产, 多元化经营",意大利
1990,赵鸿飞,Zhao Hongfei,10,软件,中国内地
1990,爱德华多·许寰哥,Eduardo Cojuangco,10,"食品, 饮料",菲律宾
